Labels,Text_bersih
negatif,maaf biznet internet error banget udah mohon proses
negatif,biznet baik aja yuk foto twitter loadnya bgt nih   udahan marah  
negatif,udah nyobain indihome mnc biznet payah tp yg bikin emosi yaa si biznet   emang cucok tethering hape 
negatif,udahan yu ganggu biznet besok uts  
negatif,parah bgt da biznet error mulu dr semalem
negatif,biznet lo sih saaattt
negatif,  sinyal telkomsel biznet emang lg jelek aja
negatif,punten biznet ngga nonton mas pacar siar radio
negatif,jelek banget biznet woy tolong kerja
negatif,biznet lot ya 
negatif,biznet jelek bgt signalnya kesel 
negatif,biznet kalo trouble parah kartu pohon
negatif,ih biznet lot si
negatif,biznet lgi ganggu sejawa bal
negatif,biznet lg knp deh nnton drama korea jd ga bs      
negatif,ci ganggu anjim si biznet
negatif,biznet knapa jd lot  
negatif,jam biznet ganggu   
negatif,biznet lg ganggu kesel bgt jd gabisa isi presensi amp telat ngumpul tugas gara gagal upload file
negatif,biznet jgn ngambek muk nnton drakor km lot skali
negatif,biznet ngambek pas mendung 
negatif,iya paraaaaahhhhhhh murah limit devicenya kayak  lu biznet sm indi ya jeng
negatif,layan biznet wilayah bal hari an ganggu ya
negatif,biznet lg down kah ya
negatif,biznet putang ina give my money back lot bener hari woyyyyyyyyyy
negatif,allo biznet pagi kau uda kupoor ya sampe skrg kau lot ya monyettt
negatif,jaring biznet ancur bener
negatif,napas biznet suka banget eror pas nugas astagah
negatif,guna biznet pantau mencak time line
negatif,si biznet ikut kaya indihome
negatif,biznet knp si ajg
negatif,wifi kosan biznet tp aja ky isi indie lot
negatif,biznet min kudus ganggu nih lot parah
negatif,tolong biznet ngadat jam  capek
negatif,ganggu kompensasi gitu telat b 
negatif,anjg biznet bener bener ya
negatif,tolong biznet koneksi hari ga push rank nih udh gatel ni tangan    
negatif,ohiya id langgan ya tp biznet lg slow sih
negatif,biznet nih kacau
negatif,masalah kali pakai fitur chat webnya biznet d 
negatif,sbel bgt sm biznet smpe buka twitter aja lot
negatif,biznet tumben lot bgt sih anjg
negatif,drtd kelas trs rapat zoom mulu anjir ni jaring biznet stres bengat w
negatif,wkwkw kirain yg lot tempat aja biznet emang lg lot hiks
negatif,biznet ganggu pas gua nugas sih anjeng
negatif,sumpah biznet sampah bgt ngebatinnnnn gue
negatif,koneksi woii anjing sampah bbi anjing koneksi anjing dah ah skip ganti biznet
negatif,biznet ya ga internetnya udah
negatif,pagi pagi biznet down      
negatif,dm idnya coba kali email nya kali bizn 
negatif,min biznet area kota pontianak ganggu kah pagi no connection
negatif,ga biznet skrg gilir applikasinya yg ganggu
negatif,hi selamat siang kendala sisi distribusi area 
negatif,hhhh biznet gua udah topup modem pas nyoba situ nyala  ngapain ngisi kalo gitu
negatif,kecewa berat jam ga total loss full speed jam 
negatif,min daerah biznet malang ganggu no internet kemarin
negatif,layan kecewa pake banget banget annn sdh pake first media biznet kir 
negatif,aplikasi biznet yg diandroid beneran jalan gak sih login bilange aplikasi kunci 
negatif,fix kaya provider wifi lg fucked up biznet dikosan jg amsyong rumah pake citranet bae p 
negatif,tolong baik jaring internetnya biznet tiru gay 
negatif,ragu pindah biznet group fb biznet kemaren lusa ganggu massal sinyal los udah nggak kel 
negatif,loss dah lu tiga biznet
negatif,biznet masalah internetnya coba  
negatif,biznet ganggu gmn sih
negatif,biznet dr kmaren kalo ujan koneksi dadak macet sih sinyal nya neduh gmna dah 
negatif,sobat biznet line webex error gak
negatif,bangke biznet lot bgt 
negatif,biznet ngehe banget jaringanya
negatif,nanya serius yg pake biznet kemaren trouble ga si seringkali meet tbtb ngirim wa aja bgt kirim
negatif,cek dm admin biznet ga oke nih wilayah cilacap
negatif,biznet pilih kasih rumah temenku ga trouble napa rumah w ngadat si ah
negatif,min bales kek  id udh jaring tv gajelas udh wifi lot parah ha 
negatif,biznet ajg halang ldr ku  
negatif,besok ganti biznet aja turnamen inet mati ngentot bngt provider asu
negatif,wkwkwkwk bar mbalesi twit cs biznet njuk weruh iki sebel banget yen takone a b ra nyambun 
negatif,biznet kek sebal banding indihome gila bgt udh eror gblk
negatif,ga biznet ga by u ampas bat dah
negatif,sampah dah biznet bener itu ga bener banget aja uda balek lgi lelet
negatif,biznet luh lot gin sih
negatif,mahal biznet jenis yg emg mahal turut tuk 
negatif,biznet napa deh error mulu
negatif,biznet aga jelek
negatif,sirna niat ganti biznet pas liat kolom komentar ig aja  
negatif,sumpah biznet apasih jaring lot banget oi  
negatif,min ane nanya biznet kalo komplen responnya komplen via email wa hatta via men 
negatif,sampe gak putus jaring tv internet jg lot pu 
negatif,heyyy pliss biznet lot ken cepet cepet episode nih
negatif,biznet klo lgi ujan trash bgt aing
negatif,bener bener kacau jaring internet biznet dikosan
negatif,nasib yg cm indihome ga bs yg biznet seberang bs tp kesini ga bs
negatif,kalo ubud biznet bayar routernya jt  bayar perbulanya kayak indigogo
negatif,lock ngga akun lo ga masuk mentionnya ntar kecuali biznet follow lo
negatif,amit biznet lot bgt
negatif,biznet ngetorrent mbps nich
negatif,emang susah nyarii yg internet doang nad biznet myrepublic rumah aing mah ga nyampe co 
negatif,layan biznet home kompensasi sesuai informasi langgan thanks rzk
negatif,biznet kalo ujan jd ganggu kek indihom 
negatif,biznet indihome aja 
negatif,karna ujan biznet ulah  
negatif,woeee main pubg ga kasi ama biznet kesel kali
negatif,goblok biznet taek ganggu
negatif,dlu make indihome lelet karang pindah biznet kena lelet emng tae kali smua
negatif,biznet pls br bayar tagih nya koneksi lambat nnton youtube aja ngadat 
negatif,ampun biznet ganggu
negatif,biznet udah kaya indihome aja skrng    
negatif,biznet bagus
negatif,si mbps biznet serasa mbps indihome jancukkk
negatif,koneksi malam putus semenjak ganggu support biznet cilacap kabel putus kalong 
negatif,aaaaaaaa biznet mesti deh jam gin            
negatif,nyobain pake biznet udah jarang ngadat konekai internet 
negatif,samaaa gw migrasi biznet indihome speed real indiho 
negatif,pagi pagi sore koneksi suka putus nyambung 
negatif,biznet klo koneksi lambat kompensasi kt bayar lambat seh 
negatif,cries in biznet myrepublic mnc available ratus meter rumah ngga tarik rumah
negatif,id dm mhn follow up minggu ga stabil biznet ngaco koneksi mhn per 
negatif,min jaring ganggu kemaren pasang biznet langgan l 
negatif,biznet tolong bgt ya pajang dinding kerja mesti
negatif,tu w ngedumel mulu koneksi internet biznet maren maren rasa 
negatif,minggu upgrade mbps mbps internet mala lot id tolong jel 
negatif,menit dc parah banget nih biznet
negatif,gue kali biznet masuk wilayah rumah follow up
negatif,fyi biznet blm nyampe rumah sinyal lt
negatif,alias udah pake biznet tetep kalah
negatif,telkomsel anjg biznet anjg    
negatif,nggak tuh provider apa kalo musim ujan gausah lelet cmon indonesia mek 
negatif,canda ni biznet ocassionally mati jam menit kadang kadang mati sampe jam 
negatif,jatibening siy biznet masuk info yg baca in 
negatif,biznet ajg sinyal down
negatif,biznet hujan   
negatif,selamat malam biznet lg ganggu kah gmna ya
negatif,asli emosi banget pakai biznet ga sabar ganti
negatif,habis liat iklan biznet kota tp sek blm msk rumah ku soo ya mo gmna lg pake yg
negatif,emosi paket hadiah dr biznet
negatif,gue happy pake biznet tp for some reasons suka ngadat   lg video conference bye
negatif,lambat biznet almost everyday spt ko spt mulu ya ko ngaco nih biznet
negatif,knapa g sinyal jngan restart modem lg y saran mohon dgbsangat jngan spt h 
negatif,please biznet langgan mbps dapetnya sgini anak g bs blajar online gmn
negatif,langgan mbps dapetnya kbps what a services biznet
negatif,lelet min biznet lelet abis dah dr minggu spt stiap abis komplain bru itu ga 
negatif,dah dr minggu min isi twit biznet cmn komplain naik speednya itu lele 
negatif,min mati lgi nih udah males bgt marah kmren mati teknisi benerin eh mati lgy mohon mon servicenya y 
negatif,biznet tdk sahabat
negatif,biznet gk lot bgt          
negatif,area coordinator biznet skill muka ngebacot tingkat terimakasih biznet
negatif,biznet minggu jadi kabel fiber transmisi jawa bal daerah cirebon putus gara gara 
negatif,rumah gue gaada jangkau biznet indihome
negatif,jam indihomo ngajak antem kalo biznet bantul pasang biznet
negatif,ganggu ga kelar kelar biznet kabar aja kecewa dah indihome
negatif,lemah biznet proteksi situs blokir perintah lumayan ketat susah m 
negatif,iya min ga pake biznet
negatif,biznet twitter gak temenan
negatif,biznet gue gak buka twitter ya ngetes send nggak twitnya
negatif,biznet home gue kepret ya bulan kali mati tu internet hari
negatif,biznet kenapasih hhhh ko gabisa load twt
negatif,biznet blokir twitter ya gw gabisa buka twitter kalo pake wifi
negatif,haaaaa tweetnya ga kesenf asu biznet
negatif,indihum aja pake biznet ngeluh lelet
negatif,eh sumpah dahal pikir ganti biznet
negatif,hi selamat sore area terjad 
negatif,hah biznet sih ga buka twitter lancar jaya
negatif,biznet btw twitter
negatif,biznet lot banget buka twitter ya
negatif,biznet knapa gabisa twitteran
negatif,biznet ga twitter
negatif,kzl skali buka twitter pake kuota biznet knp ya ko ga pake twitteran
negatif,ih biznet acang dm ku
negatif,ttp gabisa twitteran pake biznet anjrt
negatif,pakai biznet susah akses om pakai jaring lantjar jaya
negatif,biznet ga buka twitter si kudu pake kuota banget
negatif,biznet anying gabisa twitteran
negatif,nih biznet twitter dr gabisa ngeload mulu  
negatif,ihh si biznet ni
negatif,gw doang biznet gabisa ngeload twt
negatif,astaga biznet ngapa banget kyk gin
negatif,ads biznet tangsel php banget pas cek bom pamulang 
negatif,eh ngapa sih indihome kaya udah kaliebih minggu lot coba daerah rumah nangke 
negatif,kecewa berat sih biznet minggu mati nyala tp aja status jadwal gokil suruh nung 
negatif,ga ngerti biznet ngeblock reddit   
negatif,bal emang lg ganggu biznet
negatif,bejat malang raya kyk e pindah biznet ae gass
negatif,biznet masuk error gak 
negatif,anti klimaks rumah tercover myrep biznet
negatif,kendala internet rmh sy blm tanda tanda baik tiket lapor sy tt br 
negatif,yaachh internetnya biznet dr indihome  
negatif,halo lokasi green lake city udah deret ruko internet mati gimana udah restart mod 
negatif,knp ya bayar sulit ngga bayar biznet mbanking krna no va angga 
negatif,neng pelosok antah antah sampang ga nyampek jaring biznet slur
negatif,koneksi biznet lg anak remaja nih mentally unstable
negatif,rto mulu anjim biznet asem
negatif,misi mo nanya tbtb lot pindah haluan biznet hiks
negatif,min biznet knp ya ko tumben banget rto maintenance kah
negatif,jaring ubah kadang indosat biznet putus putus
negatif,biznet musuh gimana si whatsapp call whatsapp bapuk facetime audio lancar
negatif,ga ngerti biznet ngeblock reddit   
negatif,biznet ya masuk komplek anj indihomo bapuk bangett
negatif,biznet gajelas aja asu dri pg sampe skrg rto mlu thxxx
negatif,biznet biaya pasang ajg mahal bat
negatif,ak ngk uang usup afford wifi kcepatan segitu biznet sj blm cover kota im sad
negatif,marah bgt ak cm dpt mbps cashback k dr shopee lt biznet blm luas coverage area nya gk ush sombong mlz
negatif,wkekwkwk bangsat desoku raono sek gelem ganti biznet
negatif,gamping jg gk pake biznet
negatif,sianjing lot banget nih biznet
negatif,ni biznet ngelag ya roen
negatif,dribbble kalo akses pake biznet lot
negatif,halo biznet ganggu jaring area budur sidoarjo jawa timur dr malam sia 
negatif,punten nder pasang indihome biznet dll ga sinyal bagus
negatif,benul paksa indiehome biznet ga masuk omdo 
negatif,biznet gamau manjangin area ya
negatif,wadow biznet knapa hari spt
negatif,no respon lg biznet klopun direspon malem 
negatif,biznet no internet access udah hari zzz
negatif,xl home mantap biznet sampe
negatif,udah x jam koneksi biznet kyk gin udah nyentuh bikin emosi
negatif,halo biznet knp keluh ga respon ya lambat biznet dannini twit sy yg sekian kali knp 
negatif,biznet ngehe dr indihome sumpah
negatif,kpn direspon nih mpe jam sgini dr sore nih biznet lelet
negatif,dm min mohon mohon bgt direspon scepatnya bulan biznet ngaco msih pngen stay 
negatif,enak nonton yt trnyata video mnit bngst kuota abiss wifi loss biznet kea tai
negatif,biznet kya bbik
negatif,halo selamat pagi customer id biznet park jihoon kemarin
negatif,jam koneksi biznet home offline langgan
negatif,ken main valorant trs tp singapore server sucks biznet
negatif,hi siang kendala sisi distribusi area 
negatif,ampun dah biznet komplain tempo reply kondisi ya ga nyambung pls
negatif,demiiiii biznet tolong masalah
negatif,benci banget iptv biznet mama
negatif,rumah gw udah masuk biznet fastmedia ga gw make indihome
negatif,biznet resah bgt bun
negatif,malem keren kecuali biznet doang kea anjim
negatif,bahagia gua satu renggut biznet
negatif,ngga biznet yg maintenance
negatif,iya tuh parah biznet skng maen game jd dc trus lg skng      
negatif,parah parah parah biznet kecewa berat       udah rto terus minggu ga penanga 
negatif,sabtu sore senin pagi koneksi internet biznet home online nunggu ya
negatif,eh malang ujan ga i temenku yg jakarta bilang emang gangg 
negatif,gerangan sih biznet
negatif,biznet wis ora ngatasi iki
negatif,duh nismat biznet dah masup gembel bet emang kalo non komplek perum birokrasi kampang bet
negatif,ya pake biznet twitter error telkomsel lancar
negatif,biznet knapasih
negatif,biznet ngelag bgt anjir
negatif,gilaaaa myrep ga masuk siniii    udah tunggu ganti biznet parah area gue garaw d 
negatif,ehhh biznet yaa salah baca tetep aja payah syedih
negatif,biznet apaansi lu anjirrr woi eror gajalan samsek bikin emosi bae
negatif,peh mosok to area ngasem gak tercover karo jangkau biznet
negatif,brantem ya tpi
negatif,biznet gak masuk kampung ka isal hehe
negatif,dah ngentot biznet dah kaya si merah
negatif,kmu udh putus dr biznet
negatif,biznet rada gajelas ak putusin aja yeah   
negatif,biznet silah hadap
negatif,biznet bikin iklan uda hadir kabupaten badung internetnya down aja    
negatif,ga ngerti deh provider wifi indo jaman amp ajar rumah gin nya ngedown jaring 
negatif,tolong ya tolong daerah masukin biznet nga sih hufd
negatif,pecah telor biznet gw error wkwk alig sih tpi maret sampe kemarin ga putus
negatif,gw sih dah muak pake indihome pake biznet aja mending gw langgan mbps dapetnya mbps
negatif,gta ku raiso buka teh ki raiso login rockstar gak biznet rusak ne sidane pcmu ki
negatif,asli daerah gue ga bagi biznet stuck sm firstmedia sukk
negatif,mending pindah biznet aja teknisi amatirrr
negatif,makassar biznet oxygennn
negatif,lot bangga banget biznet
negatif,biznet ngaco jam gin sebwah alas tidur
negatif,kek ya gw biznet kena
negatif,sih biznet dah panjang koneksi
negatif,gin pake indihome kerja wifi nya kek bgst pake yg yg tercover indihome tolong 
negatif,maaf raiya putus biznet jam gin emg ajar
negatif,kontoru first media fasnet speed segitu bayar mahal paket mahal biznet 
negatif,indihome udah netplik reddit ga stabil biznet stabil netplik hd lancar gabisa buka reddit 
negatif,biznet home id down tolong baik thanks
negatif,tetangga ikut pasang biznet cepat pingnya anjlok min
negatif,bener bener bocil bocil mati biznet gua los merah gara gara maen layang mah
negatif,biznet anjg lot bgt klo twt klo yg lancar     
negatif,biznet melempem kasih ujan
negatif,dr pake g sampe biznet indihome cek speed stabil tetep aja maen ml ping kuning
negatif,biznet knp km seanjg
negatif,sebenernya pake biznet marah seh ga tau ya main ig sampah b
negatif,biznet habis hujan gin mulu napa dah
negatif,biznet resah bundd  
negatif,ashu muka biznet laku indihome
negatif,biznet buka yahoo line pakai xl webs
negatif,biznet edo kek master biznet tempat budak 
negatif,hi biznet please follow up koneksi lot youtubenya lelet k lancar awal langgan km
negatif,bangsat bener biznet gbs liat streaming
negatif,udah nelpon biznet myrepublic trus tolak gegara bom masuk wilayah
negatif,biznet cakup sumbertaman bois
negatif,biznet ganggu gimana
negatif,kemarin refresh kali min admin chat website biznet tetep  refresh
negatif,kagak wilayah gue si biznet jg udah payah nih agus loh
negatif,mba kemaren kontak biznet jaring kembang daerah mba
negatif,kak biznet rawabelong lg ganggu ya
negatif,biznet siang ganggu kah
negatif,eh nonton series sad scene nya ngapa nge buffer anjing gak boong rusak suasana bgt lu biznet
negatif,biznet bapuk udah gak nyala inet nya
negatif,halo biznet jogja knp ganggu ya hari kali mati lost connection merah
negatif,ga indihome ga biznet ga telkomsel gila dah
negatif,asu biznet seru dota cok bajing
negatif,biznet jogja mas susah
negatif,nih meeting online beda biznet mati putus sulit andal yah    
negatif,yaelah biznet gue dahhh
negatif,ahhh biznet sih lot banget 
negatif,biznet lot parah
negatif,biznet internetnya ganggu blm hari teknisi benerin problem jaring
negatif,biznet down kah colek usernya colek min
negatif,biznet bgst sengaja ni ye
negatif,nope kantor pake biznet internetnya kadang suka mati nggak after service n
negatif,knp ya biznet mati
negatif,mohon proses tiket lapor sy tt kyknya tgl des mati skrg mati 
negatif,biznet jg tanggung nang jg blm pantes ngadi
negatif,bgt nunggu nya udh jam biznet nya mati
negatif,skrg biznet mati ya dlm minggu udh x pelihara jaring makan ja
negatif,biznet jaring stabil ya umur umur pakai wifi firstm m n c 
negatif,nasib tiket lapor sy dgn no tt jam brp biznet dpt normal
negatif,biznet buka ig pake vpn dik
negatif,bkn indihome biznet tumben jelek 
negatif,biznet pagi udh bikin badmood aja deh 
negatif,connect in tp link me router biznet nyambung bingung yg salah
negatif,permisi admin jaring biznet rumah ga stabil ya no internet lt
negatif,upgrade biznet home plus iptv ribet hidden cost suruh beli stb gak biaya paket
negatif,dr td pagi speed download jelek bgt pdahal pake biznet yg mbps solusi please
negatif,tumben biznet gabsa buka twitter knp nih min
negatif,by u lot wifi biznet mati pdhal udah bayar
negatif,buffring ya live lancar biznet mbps
negatif,biznet bisnis internet tohh ya kerjone lambat ga iso cepet
negatif,gw yg tangerang mepet jaksel aja pilih cm indigo fm biznet gk masuk
negatif,rumah firstmedia indihome masuk biznet tolak gara gara ga pake kabel tanam
negatif,rumah firstmedia indihome masuk biznet tolak gara gara ga pake kabel tanam
negatif,kesel ganti biznet mau biar ga eror tapicternyata streaming gabisa mulu wifinya          
negatif,biznet sih  
negatif,nonton biznet tv plus film macet udh kayak nonton dvd baja gmn iki
negatif,kambuh dah biznet asu
negatif,baik kante ga stabil biznet bli ping nya
negatif,biznet napas pagi mulu koneksi internetnya
negatif,taun pake lot btw kalo biznet lot panggil customer service kah
negatif,min biznet error jaring gimana ya
negatif,gabisa ngeload gitu aplikasi lancar aja aneh emg biznet bau 
negatif,halo lapor jam td pagi layan biznet rumah mati mohon respond nya terima kasih
negatif,jam pagi layan biznet rumah mati tolong respond nya 
negatif,biznet gak main rdr online dah tethering pake telkomsel lancar
negatif,nya biznet menit uji no connection
negatif,moga biznet ga error
negatif,min knp blm baik knp biznet lelet komplain ga tanggap
negatif,x komplain blm ditanggapin biznet
negatif,min koneksi lelet abis bawah mbps semalem loh min sy komplain biznet cuek aja
negatif,gila ya biznet streaming series aja suka buffer gilir download software kerja cepet
negatif,biznet mahal wkwkekwk
negatif,biznet taiii gua puji los anjing ya wajar sih hujan badai kek
negatif,biznet pagi ngeselinnya pol
negatif,biznet bagus tolong pikir ulang bro ganggu mulu macem sampahh
negatif,biznet no connection rumah gitu
negatif,ya anjir biznet ganggu gw battle lawan hilicurl tbtb disconnect
negatif,biznet gamer dimahalin rb
negatif,biznet gebuk
negatif,knp sih kyknya biznet musuh bgt ak kalo dipake ajar lgsg lot
negatif,lemah biznet pas hujan gin jaring mati total 
negatif,biznet knapasih anjingggg bikin kesel aja
negatif,biznet ya allah jgn bikin badmood anjrt
negatif,kagak biznet bansgaaytt
negatif,selamat pagi bayar biznet ya jaring digunaka
negatif,samlekom biznet home nggak akses bca ya tracert mentok
negatif,gin ya posisi pake biznet maw nonton netplix klo pake kuota setting wifinya proxynya
negatif,halo kak biznet lg error
negatif,ganggu pagi minggu kali parah gak tanggung tugas
negatif,natal wifi down hebat biznet
negatif,biznet biasa banget sih kalo protes respons gitu doang
negatif,biznet ngadi dah lot    
negatif,gila gue pake biznet aja mencak pake indohome anjrit
negatif,biznet anjir
negatif,biznet siiiiii aduuuh
negatif,kntol kali biznet jaring kek asu gara gara lag kirim kali diamond cust gue       
negatif,camat mnc play biznet
negatif,biznet pekayon ganggu kaaaaaah hfffttt
negatif,biznet ngeselin bgt sllu lot nnton viu
negatif,hadeh biznet mulu
negatif,netizen keluh koneksi internet biznet nya alami ganggu serbu akun twiter biz
negatif,netizen keluh koneksi internet biznet nya alami ganggu serbu akun twiter biznet
negatif,koneksi biznet bekas mati langgan teriak via news beritaterkini berita
negatif,tolong jam wilayah kota bekas jam detik bisa
negatif,biznet bekas ngapa elah
negatif,yasmin anrjfnjffjjddj gue tinggal biznet kagak bangsaaaattttttt
negatif,biznet gue yt an twitteran dgn bebas ah ni ni iiii  
negatif,biznet dah server down baik masalah
negatif,mati min biznet sih modem los lampu merah
negatif,biznet lg kenape si dr semalem nyalak
negatif,biznet bekas baik jam reviu sop kahar n sla hey you
negatif,halo biznet internet masalah yg coba restart kembali
negatif,jesus christ biznet knp sik ih  
negatif,tolong status ganggu biznet area bekas jam cs tdk bi
negatif,biznet sekali ganggu sampe jam an 
negatif,jaya oops netizen keluh koneksi internet d
negatif,untuk terima kasih hadiah libur natal nya maintenance jam jelas info 
negatif,jaring biznet rusak
negatif,biznet ngapa dah putus nyambung trs
negatif,min barusan tugas biznet dteng cmn ngbrol speednya mpe mbps skrang tugas dah pergi ko jdi turu
negatif,hlo biznet pls direspon dm nya pelit responnya kt bayar ontime
negatif,asyu biznet ganggu 
negatif,biznet purwokerto nyala normal tpi knp packet lossnya bgt ya tolong dung fix soalny
negatif,gimana sih sinyal internet mati pk nyala langgan kec
negatif,biznet lot banget gan
negatif,biznet lg ngambek ml gmn si yg bagus pas tour ml kuning cct
negatif,net nya labil speedtest biznet to biznet doang nya da hari payah bgt dah
negatif,rumah gue ngga bisaa biznet huu
negatif,biznet ga seru bgt ga buka omegle wkwk
negatif,biznet sosmed customer service nya gaaktif gmn deh
negatif,main ig biznet ngelag fa nda selancar indihome
negatif,sempet biznet dlu bulan mati gada respon pindah deh
negatif,jaring biznet down ya min
negatif,ya internet banking ga bs pake jaring biznet
negatif,tlg cek min id status los led red blinking blon minggu udah down biznet
negatif,biznet los jg hhe
negatif,gasanggup wak biznet gue kamar aje kaga dapet sinyal
negatif,cepetan bener ya biznet lu mati tiktok gue spam nih
negatif,ya allah ganti biznet tp biaya mampus banget anjiiiim
negatif,pagi koneksi biznet ngaco dr semalem
negatif,min mohon dibales dm nya info customer experience customer fast ato speedy tdk bs dij
negatif,sih biznet skrng hobi nya nge down
negatif,napa tagih biznet cok 
negatif,min sptnya biznet ga ngasi solusi nih koneksi parah tdk stabil paket mbps dan cmn dpt ga nya
negatif,min gmn biznet ga respon koneksi slalu bilang pantau ok tp nyata lambat gin
negatif,ga tugas lapang nya yg bs cek lokasi ngaco nih klo komplain gin respon biznet jg lelet
negatif,bagus biznet bayar mahal tau dc pas streaming gagal jam brengsek emang
negatif,hallo biznet area dps ganggu kah
negatif,internet mati loh kacau nih biznet
negatif,niat utk baik tulung yg rusak jaring biznet kotak wifi no connection
negatif,biznet gue tuntut lo
negatif,kacau gile gilenya jg ni biznet mati pas
negatif,biznet anjing lo allah nang
negatif,biznet sih bom masuk komplek gue
negatif,biznet jelek bgt
negatif,ni biznet internetnya kg nyambung doang gabisa dipake mati pas bgt tu kantor kena petas taun gmn
negatif,biznet mahal kak d usaha ga kuat kalo pake biznet yg beli aja
negatif,sumpah biznet nyebelin bgttt  
negatif,iya wifi nya sempet down gak ngerti biznet daerah gitu kalo libur
negatif,kab diri gabisa biznet
negatif,jbrfess pake wifi biznet wa error tah connecting tp wa aja ig twitter lancar pol tp kalo pak
negatif,hi ga compensation policy customer kalo customer telpon ganggu tuh cep
negatif,biznet wifi nya gabisa nyambung haduh ga jelas teknis nya sih
negatif,biznet lbh mahal tp bagus myrepublic okay
negatif,biznet udah bayar mahal janji mbps mbps aja kagak pas cek speed test kayak eek indihome pindah k
negatif,serius biznet aa dm biznet sih tp ga dibales
negatif,biznet biaya nya tetangga gede bnget juta an
negatif,biznet malam jelek kali jaringannyaa
negatif,pasang wifi biznet nyesel ndak ye
negatif,x non aktif komplain biznet live chat suruh verifikasi bayar di
negatif,     jarang ngeluh ngeluh jaring biznet lot    
negatif,biznet ngent no internet sampe bangsat
negatif,biznet lot
negatif,sumpah biznet ulah
negatif,galucu biznet tbtb error besok uji woi
negatif,hadeh biznet ngedown 
negatif,biznet ngedown tumben wkwk
negatif,kak biznet down ya no internet access daerah ubud bal
negatif,haloooo biznet ya internetnya mati
negatif,biznet jateng nih lemod
negatif,biznet ganggu kah
negatif,set sekian manja biznet tbtb putus  gabutnya lho lebih orang skripsi
negatif,biznet
negatif,biznet ya  mo nugas masalah
negatif,kirain hp error nggak tau nya biznet down
negatif,nih tweet ttg biznet ngeluh wkwkwk
negatif,selamat malam biznet wilayah kota tegal ganggu maintenance
negatif,biznet ganggu
negatif,biznet ya
negatif,tumben ga sih kak jarang bgt biznet gin
negatif,biznet gak
negatif,biznet down pulau jawa yaaa
negatif,biznet gue doang yg troble si
negatif,tolong balas dm biznet daerah citra lost connection
negatif,woi biznet nape nih ngajak war luuu
negatif,sih alam biznet down pas januari agustus sm juli aja kalo gasalah   padah
negatif,biznet error ga koneksi nih hadeeh 
negatif,biznet sekali lot lot banget
negatif,biznet trending
negatif,biznet labil kayak mantan gua
negatif,biznet ganggu beb adeu koneksi
negatif,ganggu kak orang biznetnya ganggu nasional kak kacau nih biznet ad
negatif,allah lu lot bgt gila gw ganti biznet dah abis sabar gw
negatif,biznet down dah cabut indihome
negatif,biznet down kah aman semangat yg biznetnya down
negatif,aman biasane biznet alem udan ae mati
negatif,eh iyaa emang error ya pake biznet
negatif,internet nya biznet kena covid
negatif,kalo biznet gamas ganggu masal
negatif,tolong biznet jgn nyebelin
negatif,biznet ganggu anjing
negatif,biznet knp lt
negatif,hai min biznet ganggu kah internetnya mati nyala nih
negatif,ganti indihome biznet sampah wifinya
negatif,hi absolutejerry selamat malam kait kendala layan biznet kendala untu 
negatif,hi michael kanzato selamat malam kait kendala layan biznet kendala 
negatif,gak worth it bgt udh lebi mahal dr biznet limit devicenya pulak huhu moga cepet rampung renovn 
negatif,kabel putus tegal excavator alih tanah effect ancur kabel fo nya biznet      
negatif,huehue gitu ya trus ganti kak mo pake biznet blom sampe sih  
negatif,kak gobills ga bayar biznet ya
negatif,gw kalo biznet myrepublic jaring jangkau lokasi tinggal gw ogah pake 
negatif,biznet beli modem jt indihome pasang th th penalti  
negatif,pake biznet ga kutik
negatif,biznet  
negatif,biznet nyambung tv gasii mas stay firstmed krn bs nyambung tv wkwk
negatif,biznet knpa 
negatif,halo ya jalan puri kencana kembang selatan pasang biznet  
positif,ganti wifi mnc biznet bayar mahal ku lancar streaming drakor searching bi 
positif,pakai biznet tolong maklum kabel fo nya cangkul tol pantura tegal baik kyk nya
positif,iya kali ya jaman gue jarang bgt error gue cinta bgt biznet karna skrg lg ngontrak 
positif,halo biznet tolong info jaring area jogja tepat lem maguwoharjo
positif,mending biznet sih bang gin jarang lho plat mer 
positif,moga aja customers jasa biznet sekolah uji meeting kerja seminar giat onlin 
positif,kait kendala layan biznet kendala amp utk informasi lanj 
positif,thank youu min neng biznet nih krna responnya cepett
positif,mikir pake biznet udah pulih dik
positif,biznet dayu
positif,nama reyhan sinatrya feiz no id trouble hubung internet router tulis 
positif,min biznet ganggu ya daerah jawa
positif,kait kendala layan biznet kendala amp utk informasi 
positif,kait kendala layan biznet kendala amp utk informasi sdh 
positif,jajan ganti internet rumah biznet moga ga sebapuk firstmed
positif,blom normal tpi uda baik dasar biznet
positif,dear mas byan terimakasih juang kadang hidup sesuai harap biznet
positif,halo lokasi tinggal tercover layan biznet alamat jl tukad mela 
positif,yg kenal biznet dm dongggg butuhuhhhhh
positif,samaa mbaa nanya temen orang biznet udah normal siih
positif,kali aja anak biznet
positif,rek pasang biznet biaya brpa i
positif,cepat internet biznet normal error down kali gw internet rusak banget
positif,rekomendasi mending tukar myrepublic biznet minggu jelek bgt asli
positif,masang wifi biznet coba nih
positif,kotau kalo biznet 
positif,thanks biznet awas aja main masang 
positif,kaya jaring pemkot welcome investasi biznet samarinda lengkap
positif,kaya jaring pemkot welcome investasi biznet samarinda lengkap
positif,pgn ganti biznet tp rmh ku plosok
positif,gilaaa bahagia bgt pake biznet koneksi scepet wkwkwkwkwkwk kmren indihom cm mbps skrg an mbps
positif,sumpah mbak biznet cantik banget   
positif,omaigat omaiwow biznet udah masuk bekas tanda the end of first media rumah gue
positif,mantemanku ada yg make wifi indihome kayak firstmedia indihome biznet myrepublic wifi 
positif,biznet jarang ganggu lambat bgt
positif,biznet bener
positif,biznet laju sih ponti stabil same ganggu
positif,biznet tumben kenceng try hard dapetin diluc nih
positif,iyaa bener banget biznet bagus situ support kaya
positif,rumah dominasi indihum myrep biznet masuk
positif,pindah biznet ae cek menang koyok rrq
positif,ken bgt make biznet inetnya stabil trs tp caruban jangkau 
positif,pake biznet pake suka 
positif,biznet ad toxic rumah indi  kalo teknisi loh ba 
positif,coba mba les biznet xl home udh jaring ga kabupaten internet wi 
positif,yaowoh pen ganti biznet ajaa anjim
positif,maaf mas langgan biznet  
positif,ngrti gx w lg ngas tp wifi gbs jsjsjs cpe bgt kl w pndh biznet bole kn
positif,kaya jaring pemkot welcome investasi biznet samarinda
positif,ak pndah biznet   
positif,yuk pindah biznet
positif,btw biznet pake sistem kontrak gak henti gitu aja biaya administr 
positif,kemaren biznet kek promo
positif,gua biznet suka buka stand belah masjid rumah masjid gak sampe meter t 
positif,biznet kali
positif,kenceng biznet
positif,min biznet buka disamarinda
positif,hi mrhandoyo pagi bantu perihal layan biznet eta
positif,halo daerah bogor selatan yg biznet ya
positif,siang min pasang biznet taman wisma asri bekas
positif,makassar pake biznet rumah
positif,biznet hyung lancar dr indihome awokwo
positif,biznet next year masuk komplek gue ny ken pake gede
positif,pke biznet aja hyungg heheee
positif,rumah ganti biznet lancar kendala sih uda agustus september ya lupa
positif,wifi sm kalah biznet
positif,thankyou biznet tau aja masker abis hehe
positif,ganti biznet aja deh indihome bikin darah anying
positif,citra raya biznet udh masuk min batas cakup cm batas jalan aja cluster sy yg ma 
positif,bagus biznet citranet yha      
positif,biznet kembang jaring biznetfiber penuh butuh internet indon 
positif,plis dah gaada provider yg bagus gaming pabelan sekali pasang wifi biznet gamasok kesini huhh
positif,terngantung daerah sih kalo ken xl home biznet gak tercover
positif,bro gua mbps tolol aja anjing saatny gua biznet
positif,indihome mu lot a  pdo saiki wes ngae biznet
positif,biznet rekomendasi 
positif,yaallah ken pake biznet tp lokasi ga nyampe   
positif,biznet serang baca pasang tiang promo
positif,bahagia biznet home udah rumah w 
positif,hi siang terima kasih tari pakebiznet rekomendasi luas are 
positif,biznet jare apik nder tp kuat ne ae setia karo indirumah
positif,huhuhu biznet blm masuk siniii tp makasiiiih
positif,gianyar dikit provider ken masang biznet cuman bom 
positif,biznet mahal murah indihome ya
positif,biznet my republic by u first media msh bnyk lagiii
positif,mending pake biznet my republic sih bg indhome emg asu bgt
positif,si biru biznet mba tau kecewa rate bulan atas saing
positif,biznet myrepublic mnc play yg oke ya
positif,biznet bulan wkwk mbps nya
positif,wes kudu sabar lur karo iku bumn biznet masuk daerah ku wangsul ganti  
positif,yg pake wifi biznet ga
positif,w indihoy hujan ga hujan tetep lot bun pgn ganto biznet kabel ga sampe komplek
positif,better biznet kah hargae gak kak
positif,tau kak yg rekomen biznet sih anak
positif,mau biznet mas ya daerah gua udh 
positif,biznet indosat m mnc
positif,mmg bener pake biznet dlu make indiehom ya hyuf
positif,lancar jaya pake biznet
positif,pake biznet
positif,kak langgan biznet langsung kak
positif,myrepublic firstmedia biznet xlhome masuk skrg nunggu konfirmasi stroomnet amp indihome provider 
positif,hi hi hyung mantan callcenter biznet hehe si saran make si merah krn 
positif,tunggu testimoninya pake biznet myrep wkwkkw
positif,kliksamarinda biznet rencana investasi jaring internet kota samarinda kota provinsi ka 
positif,ganti biznet ajaa mas
positif,iya iya ganti si mnc play biznet myrepublic coverage area nya ndak sampe rumah huft
positif,haha iya tpi gw udh telp cs put henti langgan ditawarin turun tagih 
positif,pindah biznet aja
positif,ganti biznet citranet aja cuy kalo lu dijogja
positif,oh udah murtad biznet y sorry lupa 
positif,biznet juta kek gtau si
positif,pake biznet an gitu
positif,ganti biznet aja
positif,rumah temen make biznet pulang pulang kaget make indihome
positif,yg make biznet gaa
positif,tunggu testimoni biznet tinggal indihome
positif,pindah biznet ngikut kantor ngk
positif,okeh liveon muas selagi myrep biznet bom masuk ganti tinggal beli modem doang wkwk
positif,biznet ya
positif,gara gara ga dapet masker biznet wkwk
positif,pake biznet tp coverage area blm nyampe rumah aing      
positif,iya guna biznet
positif,samaa gue nyoba biznet pake indihome gue ga yha semo 
positif,bisa sapa biznet my repvblik
positif,langgan netflix sadar tagih biznet viu all channel transvision ku buanyakkk 
positif,coba contact biznet tau fiber optic
positif,mas tinggal jatibening jatibening al biznet masuk mas info t 
positif,pake kabel lan doang slur ispnya kalo biznet ga sampe segitu sih ehe
positif,peduliin biznet uuuu
positif,pake biznet lancarrr bgt
positif,wkwk dah ganti biznet lu
positif,januari pindah rumah pasang biznet ihiw
positif,mas tinggal jatibening jatibening al biznet masuk mas info ka 
positif,hii terimakasih tari pakebiznet layan biznethome 
positif,biznet baik
positif,ganti foto cantik chatku langsung diread ama abang biznet hhhhhhhhhhh
positif,harga bom tahun otw ganti biznet dah kalo udah masuk
positif,yaudah jual aja hpnya beli biznet
positif,guasa repot bln ganti biznet
positif,gua alumni indihomm pake biznet anti lot horee
positif,biznet coba ngab
positif,biznet senyum
positif,hii sobat ming kali ngobrol ngobrol bareng biznet aja sih jawab yuk 
positif,segitu senang komplek rumah ter cover jaring biznet oemziiii
positif,kalo daerah nya cover biznet myrepublic yg masuk bandung
positif,saking ken rumah pasang biznet gue mimpi rumah tb tb pasang biznet 
positif,min rumah gading arcadia gangsa ya pasang biznet
positif,hi selamat siang bantu kait layan biznet dm thanks aml
positif,rekomendasiin mas biznet 
positif,vp it biznet beliau sharing perihal kait tech anak anak 
positif,terimakasih biznet respon cepat wifi gua udh bener tengs lop
positif,biznet ok ga sih
positif,sponsored wkwkwk biznet panggil
positif,biznet sih cepet myrep doang cepetnya fm mah lelet abis
positif,gantung lokasi klo indihome ya standar klo nyoba myrepublic biznet
positif,biznet deh mending kalo indihom ya ga salah sih gue pake indihom aman aja udh thn
positif,gantung lokasi kalo tengah kota kota biznet my rep bagus customer servicenya jel 
positif,biznet rik yg brp
positif,biznet sambut ex arkamanik
positif,alhamdulillahhhh tl gue gaada komplen provider wkwkwkwkwke thanks biznet 
positif,ditindaklanjuti pegawai biznet sukabumi internet sedia terima kasih
positif,min jl elang ciputat tercover liat tari kabel ngeb 
positif,lot besok ganti biznet gapapa
positif,murah biznet ganti aja ya
positif,pagi pagi pr  pagi pagi boker   pagi pagi on biznet    
positif,ngapa pulak indihome yallah ganti bal fiber biznet 
positif,on biznet boker xixi
positif,yu biznet baik jaring
positif,ayo ganti biznet knceng bgt
positif,sumpa kalo biznet ato firstmedia udah nyampe gua buang indihome canda galucu
positif,kalo mati tolong pasangin ya pasangin biznet padungnya mbps aja gapapa kawan kawan nongkrong
positif,hi pagi terima kasih tari pakebiznet cek detail 
positif,min biznet klaten belah ya
positif,hai pagi layan biznet home langgan layan up to  
positif,iya pindah biznet
positif,ganti atuh ku biznet lamun geus aya
positif,indihome gimana sih jaring kemarin bikin tengsin mulu pindah aja deh biznet udah
positif,hi sore terima kasih ya percaya biznet dukung operasional 
positif,yeah biznet twitteran
positif,maap min salpok biznet wkwk ganti nama  
positif,pindah ae sih biznet
positif,indihoy lo anjritt gue ganti wifi biznet nih        
positif,gue jg make kayak lo so far blm kalo cari gara gara langsung ganti biznet gue wkwk
positif,my rep harga speed juara kalo stabil gue prefer biznet takut percu 
positif,dear biznet daerah jaten ngringo cakup area terima kasih
positif,hi malam terima kasih konfirmasi selamat nikmat layan biznet ya trims bnu
positif,gue tau biznet tuh salah provider internet mahal jujur gue ga peduli bayar mah kenceng amp servi 
positif,pake biznet hujan deras nikmat main inet cepat lot      
positif,emang biznet masuk jalan tanjung yo gw sempet nanya g 
positif,mas usaha keluar utk kuota indosat lt biaya langgan biznet bulan
positif,samaa gue bom masuk biznet wkwk
positif,untung valorant first strike sponsor nya biznet coba indihome  
positif,gilss x meeting kantor biznet yg midplaza tmptnya view oke bgt mini bar mini c 
positif,modem biznet paket ip public mahal dikit sih
positif,selamat malam mohon info paket biznet home area ceger tangsel tks
positif,alhamdulillah biznet aman tukad badung  
positif,biznet dah nyampe
positif,moga aje biznet mjl
positif,cah yg udah perna make wifi biznet rumah habis pasang bulan review cah makasih   
positif,nde kantor gae biznet seng mbps sebulane nder speed ngacir pol tenanan
positif,biznet gamasup jangkau mnc play ragu indihome mikir deh
positif,kalo biznet dah kalean heboh joget tok tok iri bilang bossss hahaaay pal pale palpalepaaal
positif,hai terima kasih tari layan biznet 
positif,biznet kalo
positif,hai biznet luas wilayah belu 
positif,biznet mbps rbu
positif,hi biznet kembang jaring biznetfiber penuh butuh inter 
positif,an gue liat webnya kaya ga beda first media gue skg ya mending biznet heran ban 
positif,biznet murah amatttt murah banding first media
positif,restart modem putus jaring ganti biznet
positif,ganti biznet mbak andal
positif,ganti coba biznet mnc
positif,biznet mantap
positif,firstmed sampah kyk ind ome gue pake biznet akhirny
positif,biznet bagus murah klo problem rajin follow up tiket cepet tangan
positif,emg ganti biznet aja ras fangirl ga pake indigom  
positif,sabar ky taun biznet  
positif,yg pake biznet gimana alam
positif,yg makek home wifi cbn biznet gak denpasar
positif,gue gabakal main genshin sampe jam biznet shut off jam i guess i ll stay on twit 
positif,mantap indi pls atuh biznet myrep masuk gema woyy
positif,kalo mah dah ganti  biznet myrep balifiber gaada bener  indirumah doang  
positif,pake biznet aja kak
positif,biznet k
positif,biznet yg gk   pgn ganti biznet kenceng wifi yg dipake sbux
positif,ken ganti biznet
positif,gw aja rumah biznet jo asli no troubel bgt sih
positif,loh pake biznet caa
positif,wkwkwkwk maen gua kasih tau kuat biznet
positif,selaluu dapet fs rb shopee yg mahal bagus bilang nya sih hoki gatau nya wifi nya biznet mbps 
positif,gue kaya bom deh biznet wkwk
positif,gw ganti biznet nih
positif,mles qu muk gnti biznet sjh
positif,sampe jogja pasang biznet mantab hari order langsung teknisi 
positif,hahahah indi suka ngada ngada myrepublic biznet aja ka kl daerah rumah udh kecoverage
positif,wes mending ganti biznet wae opo nek ra first media suuu
positif,goa tani biznet popmie sejahtera ya ges yak v
positif,biznet ekspansi biar nikmat rakyat haha
positif,internet mati rusa pusat usaha senior progres sih lambat ganti biznet kah
positif,ny alih biznet syg q
positif,biznet tpi gantung daerah mu d monopoli indihome
positif,pas make tsel main mcl ngelag pindah biznet lancar bngt
positif,purbalingga biznet mangkel indihomo
positif,gitu panggil kakak sebut biznet ngak
positif,mas biznet ya harga
positif,layan rumah biznet hadir promo beli gratis khusus langgan b 
positif,keras nganti sesuk anak isoh umuk dolan omahku ae wifi omahku biznet lho
positif,coba biznet ora
positif,pgn bgt ganti biznet knp gak masuk komplek gw sih   
positif,asli gantung daerah tmn gw pake oxy trs ngamuk ngamuk jg hadeh pusing deh gw biznet sih kynya ok
positif,min kalo coba modem cabut kabel fiber nya biznet gak 
positif,digrt biznet kenceng gt
positif,kenceng banget biznet mbps
positif,bimbang tentu mending indihome biznet tegal 
positif,hi bantu kait produk layan biznet home thanks dra
positif,kalo biznet kalo first media gak maki maki budeg kayak tembok
positif,biznet woii tp kontak seller langsung
positif,kalo biznet mana kalo pikir eaa   
positif,biznet lumayan premium sih harga indihow emang le ih murah sih ya loll
positif,biznet masuk sumatera ya
positif,sial jaring mau biznet  
positif,sumpah dah fix ganti biznet
positif,kiri biznet kanan indihome harga langgan beti an ya orang pindah agama biznet laaa  
positif,biznet
positif,biznet ga ya my republik
positif,biznet aja udah
positif,ganti biznet aja kali ya
positif,biznet stabil cin dr indihome
positif,pls bgt la biznet masuk beji
positif,biznetfiber min jl raya abiansemal kab badung bal sdh tercover jaring fiber biznet thx
positif,lagi lagiiii errorrr kalo error trus ntar paling biznet loh      
positif,yuk pindah cijotang biar pakai biznet 
positif,biznet bagus firstmedia jelek
positif,gatau ga pake tp sekolah pake biznet mantep bgt jaring nya wkwk
positif,cah enek sing kerjo nde biznet gak komen ya ngko dm suwun
positif,saran orang tua biznet anti goyah terjang badai 
positif,biznet gakmau coba pasar gubug nih dah tongkrong loh
positif,hu ung eja pake biznet lancaaar  
positif,sipp kalo turut mending ganti biznet myrep stabil cepet bgt 
positif,ya bund nunggu biznet subangkota ae
positif,ak pake biznet mba xixi indihoy jelek wle 
positif,gimana nih biznet gaada kendal ah jaring bagus jangkau
positif,dicheck kak kakak langgan biznet
positif,biznet jangkau rumah
positif,ajak tetangga pake biznet minimal orang minat daerah nya pasang kabel
positif,biznet yg daerah kak
positif,lokasi dmn kak pindah sapa tau minat biznet home bsa hubung
positif,dahh ganti biznet aja
positif,cepet cepet biznet myrepublic masuk cilegon asli ga tahan indihom ga banget
positif,rumah gede kek lantai kali tu pasang biznet my rep
positif,biznet aja indihome suka ngeleg wkakak
positif,tolong biznet biznet bisain daerah gabisa sy muak lama sm indihome
positif,maaf pakai biznet
positif,hi pagi info langgan layan biznet thanks eta
positif,hi mohon bantu info id langgan alamat malang mimin cek ketersedi 
positif,aduh lasut om wkwkwkw biznet om aseli
positif,ken pindah provider wifi my republic biznet melsa rw cuman indihome first media smh
positif,gin aja ngontrak daerah bintaro tuh pinggir dpt biznet kaya ny murah ny
positif,wayahe bayar wifi pantesan biznet lelet
positif,maap indihome emak w alih biznet alias layan lamban bgt
positif,gak biznet ajaa dah kanabs
positif,sekali harga biznet dapet mbps plus ga pake fup fup seba 
positif,coba rumah gw pake biznet   indihome gin si ya tuhan pusingg
positif,daerah kolak ngadiluwih apik biznet opo indihome yak trs installment fee pas kali pasang piro ya plis wa 
positif,wish biznet masuk daerah rumah
positif,lu paket harga gw pake udh mbps biznet alias tembus download an mb s 
positif,kontra isih indihome omah nganggo biznet
positif,dear ku alih biznet
positif,denger sih biznet tpi balam
positif,biznet tpi cek daerah udah jaringanya ato
positif,min layan biznet kota blitar sedia ya
positif,pake biznet biaya pasang
positif,biznet bgus gatau sih rumah jangkau
positif,biznet gone rizki we drg tekan lur 
positif,po wes tekan kene soale rivie xl ng jogja kae ora stabil biznet e
positif,lha iki lha mbok kiro biznet usaha bakti sosial ye mbok kon ngover
positif,hi senang mimin cek lokasi sedia jaring biznet 
positif,fm emang sakit  tembus sinyal biznet rumah lu kl tembus ganti ajaaa kor 
positif,biznet cbn bluenet usaha 
positif,biznet upload kerja my rep entertain gaming
positif,biznet aja udah my republic bikin emosi doang satu csnya ga dihubungin m 
positif,biru sih biznet ya
positif,yg murah   downgrade bgt biznet indihome
positif,klo cari kecepetan sih mending biznet cay tp blm fitur tv kabel kaya indihome
positif,biznet percaya
positif,biznet masuk bantul kota
positif,adik sepupu ngedumel biznet rumah kenceng main game online
positif,biznet tp kdg ilang bentar sih
positif,cepet pake biznet orang indihom kaya lo paham
positif,biznet tunggu bang gak perbaikin hehehe
positif,biznet
positif,kalo banding biznet gmn
positif,coba biznet rumah sih bagus musti kit 
positif,putusin wifi ganti biznet aja wifinya nder
positif,download gb menit biznet mantul
positif,biznet wifi langgan gaming house kek wkwk
positif,ganti bel ganti biznet skrg hidup bahagia
positif,ganti biznet aja bun
positif,biznet yg gope bulan pal wkwk
positif,gabisa doong udah pake biznet paket keluarga mbps
positif,halo mohon tunggu luas cakup biznet ya mimin harap sabar tunggu thanks eta
positif,biznet pasang kuupdate hasil gimana
positif,biznet ok ad tv nya jg ngga
positif,permisi biznet masuk rumah bumi gor kaliwates ya
positif,halo min daerah salemba jakpus tercover jaring biznet
positif,coba cek biznet lg ngeluasin jaringannnn pas pandemi
positif,halo gan biznet daerah tanjung duren aman ga nih
positif,min daerah giling pik cakung udh jaring biznet
positif,gak biznet gak mampir
positif,coba cari sales biznet dekat hubung sales sales data 
positif,telepon cs kantor biznet salesnya kaka klo langsung salesnya du 
positif,biznet baik
positif,hai terima kasih tari layan biznet informasi 
positif,hai layan rumah rp up to mbps detail cek lin 
positif,iyo mas sore biznet saiki indihome genti
positif,cita cita indihome dukung biznet
positif,gue pake simpati wifi biznet wkwk
positif,biznet mah gadak saing gatau daerah lot kagak
positif,gue liat besok deh nanya cakup jaring myrep biznet pas 
positif,goblog lu mending alih biznet
positif,emang biznet aman nyaman internet kenceng stabil harga jg murah banget emang dah kendala jaring sempit
positif,biznet coba nun daerah ku lancar bgt klau pakai biznet
positif,pake biznet sih nun jarang banget ganggu kek kali ganggu gegara layang 
positif,pakai biznet
positif,make biznet alhamdulillah lancar nun coba aja
positif,pindah agama biznet dooonk 
positif,pok ame ame pakai biznet kenceng stabil makan  
positif,my republic kalo ga biznet udh si
positif,pake biznet jarang bgt ganggu ganggu ya pas nyangkut kabel doang
positif,rumah desa pake biznet lancar jaya nun
positif,butuh bantu layan biznet home malang kota dm reply ya kak 
positif,layan broadband internet biznet malang kota dm reply ya kak are 
positif,indi biznet aja ato fm
positif,info homeinternet kapasitas uploadnya mbps jangkau meruya utara exclude biznet hypernet m 
positif,biznet nih bkn indigo
positif,biznet dek
positif,ih biznet cpet dehh
positif,gk gue pake biznet klo indomie lot    
positif,njaluk kon alih neng biznet po wkwkw
positif,sleman biznet bal menang xlhome ya
positif,tolong ya udh minggu internet mati ganti biznet nih
positif,biznet sewa modem tuh kontrak tahu
positif,pake biznet aja mek bayar mbps dapetnya mbps
positif,bagus yah biznet
positif,sabar biznet masuk
positif,tolong internet biznet adain pondok maharta tangerang selatan
positif,biznet yg gw pake bulan mahal ribu tp beda banget yak kualitas haha
positif,investnya smart tv internet berartiii biznet ok pasang paket mb buanter nemen rb b 
positif,biznet or my republic org bagus sih tp wilayah luas st media
positif,biznet udah biznet wkw
positif,ihh biznet baguss ken nyobain kalo da
positif,pake biznet min internetnya kencang dr indihome
positif,gamau gue udh ganti biznet wle
positif,wifi gue biznet makas
positif,anda biznet biar war wkwk
positif,biznet aja bang coba
positif,yeay dikit lg pasang biznet rumah papay indihome
positif,biznet bikin ngiler sih harga
positif,min tumben biznet dpt mbps ga ngapain ga restart modem speed spt awal bula
positif,tumben speednya dekat paket lot mesti komplain dl dpt st
positif,biznet nda niat masuk gunungkidul kah
positif,biznet ae wkwk
positif,pake biznet aja mo stabil mursidah
positif,saran sih biznet beuhh cepetnya ga ngotak asli
positif,klo daerah mu udh cover biznet ofc bgttt biznettt ga myrep sm fm jg udh okiii bangeddd kulon
positif,biznet jgn indih m 
positif,update biznet pasang pakai mbps speed segitu via lan via wifi bawa
positif,iya gue lelah marah marah alih biznet
positif,biznet kalo normal emang mantap
positif,kangen biznet kangen ga ya gue
positif,biznet uda masuk
positif,yaampun indihome lot nya main pindah aja biznet
positif,biznet gw pake bagus hari kelar w mati lupa bayar akwk
positif,biznet cengli harga
positif,biznet giur
positif,hahaha blum masuk rumah ganti biznet sih mas januari
positif,rumah gw jg nyala mati mulu gajelas gw ganti biznet
positif,pantesan aja pas nonton netflix kampus pake wifi biznet lancar stabil anjim
positif,gak biznet tolong cepet masuk cepat murah
positif,apartemen pake gig indosat rumah pake biznet gak sanggup kalo pake kuota non unlimited nontonnya kuat hehe
positif,mending biznet ahh mantap poko mah
positif,sorry pas pakai biznet gak netflix lancar main 
positif,biznet murah cepat
positif,biznet manja langgan dengan  promo istimewa di akhir
positif,tutup biznet promo istimewa langgan
positif,biznet home didepok untung gua bom masang indihome dkk muehehe
positif,sekian tahan pake tethering hp pasang biznet kostan hidup
positif,ganti aja biznet
positif,indihome tpi jaring masalah coba pke biznet sih baguss
positif,buru dah pindah biznet ajajajahah
positif,sbg guna biznet gue pastiin lancar cepat ga macem ada
positif,indihum biznet
positif,janji langsung pindah biznet masuk jaring lokasi gw indihome sucks
positif,untung semalem pasang biznet pusreng basreng
positif,ganti biznet cuy gue pake biznet aman jaya sentosa wkwkwk
positif,biznet udah luas coverage nya
positif,pakai biznet set hd video sisi host
positif,ak masang biznet sedino lgsg d pasang   
positif,minat pakai biznet dm ya kak
positif,gamau ganti biznet lot
positif,wifi speedy g beres dah pindah biznet
positif,bagus biznet emg
positif,ganti biznet aja
positif,area klaten coba biznet mi soale first media area klaten bangun jaring 
positif,yaudah ganti biznet aja
positif,hduh bner pake biznet aj pdhal
positif,ganti biznet aja ya
positif,jaring stabil bgt pake biznet
positif,gamao mara ama biznet masalah ga kek frstmd ato indhm yg masala kek anjg
positif,kalo ganti ganti biznet sih
positif,pindah biznet stonk
positif,biznet kadang suka down tp jauuuh lbh stabil banding fm dg harga paket yg
positif,biznet oke beb teknisi yg rumah baiik harga murah banding indih me sp
positif,kota ku biznet jempol layan janji kirim email skrg besok
positif,alhamdulillah biznet
positif,pindah biznet aja mending  
positif,min aingmah make biznet sorry indihome mah ganggu hilihhhhh
positif,indihome amoral emangg ayolaa biznet cepet masuk komplek sayaa
positif,biznet the best bgt jarang lot ky indiohm lancar pokok taun gangguang x
positif,pindah indigo biznet deket rumah udah kantor cabang biznet
positif,ganti cbn biznet aja mbak
positif,yess gue team biznet
positif,hi biaya paket biznet home internet b upto mbps rp 
positif,pake biznet aja cobak
positif,biznet sabi iz gue ken banget ganti biznet udah gue telpon orangnye eh katanye bom
positif,biznet tarik kayak
positif,wkwkwk rumah gue bom sampe eh pas td nanya biznet udah sampe em
positif,tiang biznet rumah broooooo
positif,eh anjir biznet kenceng
positif,ngambil biznet nunggu pas gua gawe enak nyari k wkwkwk
positif,biznet ngingetin bayar tagih wifi wkwk
positif,mari alih biznet shay wkwk ganggu samsek pasang 
positif,biznet icon coba murah tuh
positif,biznet lancar jaya beneran
positif,bos klo sales biznet dm yha suwun
positif,website biznet udh kecover tuh om jalan harap indah
positif,gin pakai jaring indihome kalah kang bakso udh pakai biznet langgan indihome mar
positif,temenku pake biznet lancar banget
positif,syukur biznet home masuk wilayah rumah gw no kaleng hujan petir stabil
positif,gw pindah biznet langsung hd netflix nya tp klo ujan on off jaring pilih yg sulit
positif,seriously mun biznet nyampe ka camat urang langsung ganti da  sad kak sad
positif,skaone geng geng rebut biznet
positif,tencu biznet leh uga
positif,enak bgt pake wifi biznet paket phonix
positif,biznet worth it imo bayar up to mbps nyentuh mbps pas download
positif,gue pake biznet lancar meh
positif,myrepublic sm biznet yg nyaranin sih harga beda dikit gak dicompare 
positif,fix sesuk ganti biznet sengit banget
positif,ganti biznet aja dah klo gin cerita
positif,fix enak pake biznet cepet bgt
positif,internetku biznet panutan kntl
positif,pake biznet lupa mbpsnya brp tp jarang lelet sih harga tau jg
positif,ganti biznet aja dok situ udh
positif,biznet gb gb doang
positif,xvideos pornhub blokir biznet sekian
positif,biznet nya cepetan
positif,biznet up to mbps stabil an
positif,wkwk tapi rumah lu cover biznet ga kalo iya mending biznet recommended   cs nya fast
positif,bbrp temen gua pake biznet baguuus gantung daerah mumgkin 
positif,biznet worth bgt harga haha
