Date,Username,Location,Text
2021-02-03 13:39:28,vinaa145,Ravenclaw,"Dear biznet, plis masuk ke daerah rumah gue. Udah jengah banget sama indihome"
2021-02-03 13:34:42,AjaRochman,,@cumazaki Apalagi klo lagi ujan. Yuk dadah babay dah. Lagi pgn ganti biznet nih
2021-02-03 13:30:07,WartaEkonomi,"Jakarta, Indonesia","Bidik Lebih Banyak Pasar, Biznet Gandeng HPE dan BHp Upgrade Layanan Data Center https://t.co/xbNQHv2QSY"
2021-02-03 13:22:49,inilahdotcom,"Jakarta, Indonesia",Biznet Data Center Siap Tampung 65.000 Server https://t.co/cBMpCrPcMi
2021-02-03 13:21:14,cuitanalan,,"@BiznetHome  saya baru pasang BizNet hari ini, tapi baru 1,5 jam internetnya langsung down (lampu LOS merah). Sampaâ€¦ https://t.co/nJHFHn7sU5"
2021-02-03 13:08:58,cumazaki,Disini-sini aja,@dananjayajkt @punyaadhii Iya nih penasaran sm biznet. Kalo ada kontak pic nya boleh ya mas
2021-02-03 13:05:02,detikinet,"Jakarta, Indonesia",Biznet gandeng Hewlett Packard Enterprise Indonesia dan Berca Hardayaperkasa untuk memudahkan konsumen memenuhi kebâ€¦ https://t.co/07UQSDpARY
2021-02-03 13:04:48,mirfanhandoko,mojokerto,@BiznetHome gangguan kah biznet? .. Kok lemot
2021-02-03 12:57:16,B10JIHO,,Pada cepet cepet banget. Kalian orang dalem biznet ya
2021-02-03 12:42:00,wisnupwisnup,Jogjakarta,@IndiHome Gak ada keluhan kak soalnya aku make biznet. Lancar jaya 75mbps cuma 415k. Temen ku yg kasian terpaksa maâ€¦ https://t.co/fyEu4rN6n8
2021-02-03 12:35:21,safarazjabrilan,"ÃœT: -7.3429252,108.2165438","Mohon segera dibuka jaringan @BiznetHome di daerah Kecamatan Purbaratu, Kota Tasikmalaya. Karena di Perumahan Buanaâ€¦ https://t.co/sesr969wYV"
2021-02-03 12:28:36,republikaonline,"Jakarta, Indonesia","Biznet, HP dan Berca tingkatkan kualitas untuk percepat transformasi digital industri https://t.co/6V6N1eAc7u"
2021-02-03 12:22:11,marimasjeyuk,Madiun paradise,"@GhattiK Biznet sepertinya, soalnya lancar"
2021-02-03 12:17:47,detikinet,"Jakarta, Indonesia",Biznet gandeng Hewlett Packard Enterprise Indonesia dan Berca Hardayaperkasa untuk memudahkan konsumen memenuhi kebâ€¦ https://t.co/b2iv3DJ46Y
2021-02-03 12:15:29,GhattiK,Jawa jawa jawa,"@marimasjeyuk Apakah adekmu seorang indihome, opo seorang biznet?"
2021-02-03 11:53:28,dananjayajkt,021,"Biznet is steady.

Mau badai sekalipun.

*bukan titipan sponsor, tapi titipan realita."
2021-02-03 11:32:15,penguintengil,jakarta,@linxlunx dah biznet aja
2021-02-03 10:40:31,kindalovv,"Ubud, Indonesia","Suksma biznet, seterusnya saya tidak akan telat bayar https://t.co/M0CBanPDF8"
2021-02-03 10:15:33,Bisniscom,"Jakarta, Indonesia",Biznet Data Center Gandeng Hewlett Packard Enterprise dan Berca Hardayaperkasa Hadirkan Solusi Infrastruktur IT Terâ€¦ https://t.co/yupmSsPH3x
2021-02-03 09:55:18,genuinelrh,she/her,"@yusufshfyn @collegemenfess Berantem gak? Biznet aja ga nyampe kontrakanku di jogja, apalagi di magelang yang ga maâ€¦ https://t.co/Fu1XmGmgoO"
2021-02-03 09:49:00,yusufshfyn,æ—¥æœ¬,@genuinelrh @collegemenfess mending biznet 150mbps bayarnya 250an kalo dibagi ya
2021-02-03 07:59:31,grzpra,"Firenze, Toscana","Cinta banget dah ama biznet wkwkwk
(edisi keluar dari hubungan toxic sama indihome) https://t.co/Xz0v4YmSlF"
2021-02-03 07:55:30,hellwalkerrr,MAD HOUSE,@paramarthata senasib biznet juga pake stream gambar buluk aja buffering lama. apa lg update xiao
2021-02-03 07:33:59,BiznetHome,Indonesia,"@RifqiS24 Hai @RifqiS24 , infoin mimin ID pelanggan kamu ya, mimin bantu cek untuk username dan password guna aksesâ€¦ https://t.co/l2VLmk8Ixd"
2021-02-03 07:19:31,beef3yaki,limbo,@begalskateboard ganti biznet aja aku ganti biznet juga ğŸ‘ğŸ»ğŸ˜‚
2021-02-03 07:10:48,BeingAletheia,Indonesia,"Yuk, absen lagi @FirstMediaCares 
Setiap hari rajin dong absen, jam segini mati lagi internetnya

Kalau ada pilihanâ€¦ https://t.co/w5WCJ2vREN"
2021-02-03 06:52:47,_satyakresna,Indonesia,Interview calon karyawan yg lamar ke Biznet dengan bapak VP. https://t.co/HtFGCq7GOz
2021-02-03 06:11:31,rizkywdptr,,"@Dicky_Andhyka Butuh nih gua wkwkwk, kalo ada biznet masuk langsung ganti gua"
2021-02-03 05:31:05,nadianurghania2,,@FirstMediaCares ID 10262672 tiap bulan selalu error terus. Ini dari jam 7 malem kemaren sampe sekarang gabisa dipaâ€¦ https://t.co/cBsXXWcBnP
2021-02-03 03:24:01,Tito_Djauhari,Jakarta,@OnyHafiedz Ganti biznet aja....
2021-02-03 03:21:37,ArioGinurta,,@BiznetHome halo Biznet kenapa tiap pagi lemot ya ?
2021-02-03 02:58:55,Estusk,Indonesia,"Daftar kemarin sore, bayar semalem, langsung dipasang pagi ini.

Biznet be like: https://t.co/IhyKbnEj1A"
2021-02-03 02:56:46,leksa,Indonesia ,@shebriana Mau pindah rumah dulu.. yg ada jalur biznet
2021-02-03 02:55:48,shebriana,"Kota Surabaya, Jawa Timur",@leksa Beralih ke biznet saja yuk
2021-02-03 02:52:25,BiznetHome,Indonesia,@cornelius_geno hai kak @cornelius_geno Kami cek saat ini wilayah tersebut belum tersedia jaringan Biznet. Terima kasih dan stay safe ya ^TR
2021-02-03 02:43:11,TriAditha,Jakarta Capital Region,@ezash cc pak @praditautama supaya ada solusi dengan narik kabel biznet. ğŸ¤£
2021-02-03 02:37:36,cornelius_geno,,@BiznetHome Min apakah biznet sudah masuk ke wilayah Bekasi Utara?
2021-02-02 17:01:36,SRaydipta,,"@BiznetHome min tolong dong koneksi biznet lelet lg, yutub nya ngadat2 ...thx"
2021-02-02 16:10:27,jaeselle,rvspa,"@collegemenfess biznet coba nder, itu ditempatku worth sih"
2021-02-02 15:00:50,jenn1erubyyjane,PG - 17 (harsh words),@subtanyarl # sekolah aku mah biznet
2021-02-02 14:35:12,wildberries_,,Kapan biznet ada di singaparna
2021-02-02 14:33:52,sigblkajg,"Jawa Tengah, Indonesia",indihome sama biznet bagus mana sih? wkwk
2021-02-02 14:10:31,Ranna16,Indonesia,@fairuzahmad @FirstMediaCares Bintaro mau masup Biznet lho. Firstmedia baiknya ganti nama jd Secondmedia
2021-02-02 13:50:25,saleem_noerdin,Garut,"@BiznetHome biznet ngk mau jalan2 ni ke tarogong kaler garut, kalo tarogong kidul ma udah.."
2021-02-02 13:49:54,IzakDahlberg,Location is not found.,@8bitmotel Daerah rumah gua gabisa masuk biznet ğŸ˜­ğŸ˜­ğŸ˜­ğŸ˜­ dengan senang hati dah pake referal code lu kalo emang bisa masuk
2021-02-02 12:47:25,maestjy,,Biznet oh biznet kenapa engkau errorğŸ˜©
2021-02-02 12:45:49,choaciao,SUB - JOG,"@dityayogap Tunggu aku di kosan, Biznet ku akan melibas"
2021-02-02 11:13:55,moanstringe,They/Them,Biznet luh jan kaya sebelah ye
2021-02-02 11:08:52,nayzrlinx,,@bambeary untung aku biznet
2021-02-02 10:07:19,AirSong21,,@GilangGirih @moneymadine Pakai biznet terus pakai kabel a alhamdulillah kuenceng
2021-02-02 09:56:23,txtfromjxmett,probably in a cave or smth,min respon dm dong ini biznet dr kmaren gangguan nihh @BiznetHome
2021-02-02 09:25:56,rickyalkhafi,Cirebon - Jawa barat,@BiznetHome @auliavikaar Tuh vika dm aja miminnya minta tolong di daerah kamu jaringan biznet udah support blm wkwkâ€¦ https://t.co/Vzteliatwx
2021-02-02 09:20:10,eshasw,Bali,@GungWie aku juga mau bongkar dan extend jaringan Biznet.
2021-02-02 09:00:22,rasacabeijoenak,semarang panas,@subtanyarl pengen banget ganti wifi jadi biznet https://t.co/SqUGz0Gyfq
2021-02-02 08:40:39,delima259,"ÃœT: -6.20479,106.818597",Bye2 indihome...welcome biznet. Semoga dlancarkan rejeki dari pekerjaan online saya. Mohon doanya ğŸ™
2021-02-02 08:39:04,aqdanabriz,"Jombang, Indonesia",@BiznetHome @abchrwnd @amhaasaan di jombang jatim sudah ada biznet belom om?
2021-02-02 08:24:39,aqdanabriz,"Jombang, Indonesia",@abchrwnd @amhaasaan biznet iklan e 75 mbps 300 ewuğŸ¤¤
2021-02-02 08:22:23,abchrwnd,"Malang, Jawa Timur","@amhaasaan @aqdanabriz Haa, ndang ngajukan ben tambakberas dicover, biznet kan mantul gae ngegame."
2021-02-02 07:57:48,amhaasaan,"Yogyakarta, Indonesia","@abchrwnd @aqdanabriz Jane wes ono biznet, tp mung jek mjoagung"
2021-02-02 07:37:34,6mffdd,Indonesia,saat biznet kembali normal https://t.co/lXBJvRD0CU
2021-02-02 07:14:42,nprhy,Jakarta,Makanya gw selalu cari kosan yg internetnya biznet... walau biasanya harga kosannya lebih mahal https://t.co/J0xwxTHNHL
2021-02-02 07:10:25,yasza,Bali,"Akhirnya biznet dah bisa dipasang dirumah, dengan tagihan yg hampir mirip speednya beda jauh ya."
2021-02-02 07:08:38,trupperware,"Denpasar, Bali",@txtdariahensii Ganti biznet ajağŸ™Š
2021-02-02 06:43:30,putuyurika,,"install Biznet dapet masker, mayan juga. patut di contoh oleh yang mengadakan denda 100rban https://t.co/t1QW3xotw1"
2021-02-02 06:26:30,Bunglonnim,"Banten, Indonesia",kalo dah begini biznet bilang internet gua normal sih gua mau nangis aja https://t.co/MRRPhkjwXc
2021-02-02 05:41:26,pitchdarel,open bf rentâ¡,@munconvo gue pake myrepublic sebulan 250rb. 20mbps kenceng banget gak load. dulu pake 30mbps kencengnya parah downâ€¦ https://t.co/d2US5lg8Po
2021-02-02 05:39:37,sayaseokjin,,@subtanyarl Biznet sekalian ğŸ˜ğŸ‘
2021-02-02 05:26:54,BiznetHome,Indonesia,"@JSTrikukuh Hi @JSTrikukuh, informasi apa yang ingin kamu tanyakan? Kalo mau tanya seputar layanan Biznet atau periâ€¦ https://t.co/cOac59iMq1"
2021-02-02 03:29:18,lumpiaphobia,-------,"@BiznetNetworks pagi, apa biznet di area cilacap sedang eror? Ini kok ga nyambung yah"
2021-02-02 01:24:18,rsbersaline,Indonesia,ganti biznet nih ya?!?!!
2021-02-02 00:42:04,KoranBUMN,"DKI Jakarta, Indonesia",Angkasa Pura I Terima Bantuan dari Biznet Sebanyak 4.000 Masker https://t.co/9MoIycyXqZ @AP_Airports @KemenBUMN @BiznetHome
2021-02-02 00:20:14,aiuroses,,biznet lg knp sih ntn yt gabisa terus
2021-02-01 23:21:16,Setiyoko28,Semarang,@Urick_ @wildriftID Pake wifi ini gan? Apa data seluler? Gw pake biznet juga masih sering problem
2021-02-01 23:19:20,Setiyoko28,Semarang,"@rfhsnm @wildriftID Sama cuy, biznet sering gabisa login, dicoba terus dapet warning, sekali bisa masuk juga kadang ping tiba tiba drop"
2021-02-01 23:17:51,Setiyoko28,Semarang,"@AndyIgneel @Trio09075707 @wildriftID Gua biznet juga masih problem cuy, kemungkinan emang servernya perlu peningkaâ€¦ https://t.co/2gSxebtVaf"
2021-02-01 22:43:45,fandy_frf,Internet,"@claristnvnliane jadi gabisa di custom clar, pdhl banyak penyedia DNS yg lebih cepet kyk google &amp; cloudflare, tp inâ€¦ https://t.co/75LB7SFgE0"
2021-02-01 21:52:23,IBNBW,,@BiznetHome 1100000084938 apa ini penanganan gangguan no signal di 2021 kok makin lelet dibandingkan 2020? apa ituâ€¦ https://t.co/E1bLNmLCWs
2021-02-01 21:45:34,linddamayya,"Kota Yogyakarta, Yogyakarta",kenapa ini biznet mati segalaaa jam seginiii... tumbennn...
2021-02-01 21:37:53,FLLSUNO6,Arsitektur Interior UI 2021,"@subschfess Tp pengalaman gue pake biznet enak bgt, terus Mbps-nya gede waktu itu. Cuma skrg harganya up to 300-an,â€¦ https://t.co/gA5YhmuBcQ"
2021-02-01 21:23:20,yagitulo,Tower of Avalon ,baru mau ngetwit biznet kontol eh tiba tiba bisa konek lagi
2021-02-01 20:19:23,spicycakesss,,biznet akhir akhir ini sering trouble kenapa deh sebel bgtğŸ™‚
2021-02-01 17:59:52,mafazatangguh,"Jakarta, Indonesia",wah ngehe juga nih biznet
2021-02-01 17:48:31,scarrisa,,"Halo @BiznetNetworks @ovo_id 

Sy kemarin bayar perpanjangan biznet menggunakan OVO (points). Masa tenggat 1 feb 21â€¦ https://t.co/UQltS7E62a"
2021-02-01 17:11:13,EkaYudhaPrsty_,Plat W Selatan,@alifahsab @IndiHome Biznet nya qaqa
2021-02-01 17:02:08,yogiifr,,cuman kapan Biznet dan kawan kawan datang kecimahi dong tolongg :(( butuh bandwith yg lebih besar nih
2021-02-01 16:50:57,yolasrgr,,"kalo biznet/myrep/xlhome/ wifi apapun bisa masuk ke daerah rumah gue, udh gue tinggalin si indohome dr kapan tau"
2021-02-01 16:28:17,Buddykool_,East Blue,@hiloteencoklat Pindah biznet aja xixi
2021-02-01 15:35:57,zachira,Indonesia,@lianuridaa Iya jaringan wifinya. Pake kuota padahal normal. Akhirnya tadi restart wifi baru bisa... Hadeh biznet ini ngadi-ngadi
2021-02-01 15:20:43,Kadek_Miko666,"jimbaran , Badung , Bali",Bayar bulanan biznet turun 10 rb lumayan buat beli piring cantik
2021-02-01 15:02:08,siradwide,PKY-BDJ,Dan...harus segera cari wifi portableğŸ˜‚ seandainya ada biznet di bjb juga mau pasang ğŸ˜‚
2021-02-01 14:49:55,ajjimf,,"@kangkung__ @IndiHome @TelkomIndonesia bohong min, dia pakenya biznet"
2021-02-01 14:31:03,KoranBUMN,"DKI Jakarta, Indonesia",Angkasa Pura I Terima Bantuan dari Biznet Sebanyak 4.000 Masker https://t.co/1TWug3yBax
2021-02-01 14:29:24,Ibrhmalf,islamic republic of iran,@jefrinichol @IndiHome Pindah aja ke biznet
2021-02-01 14:04:43,zachira,Indonesia,@lianuridaa Kayak gini mah... Terus can't connect netflix. Padahal buka yang lain lancar. Wifiku pake biznet btw. https://t.co/p8LARs2hQH
2021-02-01 13:06:12,Sudihar27471283,,"@BiznetHome cek dm min, ping jarang stabil. Kenapa koneksi biznet di probolinggo gak sebagus di surabaya ya"
2021-02-01 12:57:07,0201KARINA,,"@0201YUKHEI BETULLLLL asli itu indigo bikin kesel. katanya biznet oke, sama mncplay."
2021-02-01 12:31:01,marklee_lup,,@dian_maulidia @IndiHome Heheh kl biznet udh ada jaringan dirumahku ajaa udah ganti cuk:)
2021-02-01 12:08:22,jaeselle,rvspa,"@galaxyyskyy biznet, di aku enak sih"
2021-02-01 12:06:13,Alkautsar__,,biznet aku cinta kamu makasih ya
2021-02-01 11:56:34,sidikr_,"Kalimantan Barat, Indonesia",@FessPonti Biznet oke tu. 20 Mbps 300 ribuan
2021-02-01 11:50:48,Bimo_Is_Ngingo,,@FirstMediaCares @Lizard339 Jawaban copy paste dari notepad semuanya aja lu jawab begitu promo biznet menggoda nih.
2021-02-01 11:24:39,qaguri,exoplanet,"@darjofess gk rekomen, mending myrep/biznet lek iso"
2021-02-01 11:18:49,anakbengkelbgt,,"@kor3kor3 makasih kalo biznet, udh pernah, jelek di tempat gua"
2021-02-01 11:17:20,6mffdd,Indonesia,"seburuk2nya indiehome, teknisinya cepet datengnya, lah ini udah hampir 48jam biznet kagak dateng2 ajgggggggggg"
2021-02-01 11:16:21,6mffdd,Indonesia,"asli bener2 dah gw di php-in sama teknisi biznet.
kagak dateng2 !!!!!!!!!!!!"
2021-02-01 11:00:50,Bimo_Is_Ngingo,,@feniksrawr @FirstMediaCares Ganti biznet aja gan. Gw juga mulai tergoda ini #gantiISP
2021-02-01 10:43:56,_Adiyattama,J Town,"Sialll Biznet. Ada pemasangan baru
Patchcord gua jadi korban dicabut"
2021-02-01 10:23:37,dontknee_an,,"@BiznetHome Baru pasang biznet home seminggu, kecepatan inetnya udah ga stabil &amp; ngedrop gini. Bagaimana iniâ€¦ https://t.co/JqGoPXtCTA"
2021-02-01 10:04:16,kurikurikur,,@BiznetHome @BiznetNetworks internet putus sekali sebulan. kali ini putus pas ditelepon tanya teknisi kapan dateng?â€¦ https://t.co/Nz5QjAGKfK
2021-02-01 10:01:44,aqyeji,Juwana,"@twiceconfess Jancok cakepnya kek paket biznet, unlimited ğŸ˜­"
2021-02-01 09:23:23,gangberry7chill,,"@BiznetHome min, biznet daerah denpasar bali lagi eror kah?"
2021-02-01 09:08:33,mayofgale,,BIZNET KITA KEMUSUHAN ANJG SUMPAH
2021-02-01 08:34:13,BiznetHome,Indonesia,@Bunglonnim @Bunglonnim Sudah mimin cek modem kamu aktif tidak ada indikasi kendala apakah dilokasi ada perangkat râ€¦ https://t.co/jQT067M7G5
2021-02-01 07:34:23,BiznetHome,Indonesia,"@bapakkupns Hi @bapakkupns, bisa mimin bantu terkait layanan Biznet? Thanks. ^aml"
2021-02-01 07:34:02,irfandhiaa,,biznet lg dongo nih
2021-02-01 07:09:14,beybeys_,he/him,wah asu biznet blm bisa di rmh gw
2021-02-01 07:03:35,aziznala,"Madiun, Jawa Timur",@D_Dirhamsyah Ganti biznet ae wkwk
2021-02-01 06:55:05,eveeys_,Labtek IX-B,@joannaadeline biznet katanya cepet jo
2021-02-01 06:38:36,budew__,,@PutraRzq Kayaknya biznet nih koh
2021-02-01 06:20:14,ngIMAMin,"Matraman, Indonesia",@Nusadaaa Gw biznet bukan indihomo ğŸ˜©
2021-02-01 05:24:32,heloguno,jakarta,"@elmiraeff @IndiHome Iya el keknya kalo ga mau ditinggal pelanggannya, pelayanan dan koneksi stabilnya harus ditingâ€¦ https://t.co/GBUukRCd3V"
2021-02-01 05:11:44,NSumono,"Selorejo, Indonesia","@BiznetHome Kapan ada perluasan wilayah ,kami juga pingin merasakan kualitas Biznet"
2021-02-01 04:41:32,claudioagusta,Among the beautiful seas,@gumwybear My republic &amp; biznet blm ada? Yaampun menderita bgt yaa jd pelanggan 1st media itu ğŸ¤­
2021-02-01 04:33:54,richigganjur,Jakarta Capital Region,@nhjulianti @NetflixID @IndiHome @terserahpodcast Ganti kek mi pake biznet. Gua tiap kerumah lu lemot. Lama bgt update hp gua
2021-02-01 04:33:17,ronaldhonarto,0431 ; 021,Dan biznet error lagi ğŸ˜‘
2021-02-01 04:25:54,sotomidouble,"Jakarta,Indonesia",@n0nchalantIy @FirstMediaCares Emang ngentot udeh ganti biznet aje
2021-02-01 03:58:46,6mffdd,Indonesia,"karna pake 2 provider internet, selama ngelapor ada masalah, teknisi #indiehome jauh lebih cepet datangnya daripadaâ€¦ https://t.co/Ewrgp985cD"
2021-02-01 03:35:55,dityarnanda,"Jakarta, Indonesia","wah biznet udeh masuk komplek gue, tapi mnc selama ini sih kaga rewel. gila speed/harga nya bikin galau ini buat beâ€¦ https://t.co/JA4wDfGgoB"
2021-02-01 03:17:28,budew__,,@djamtjoek Iya nih jam mau coba tlp biznet. Pake first media udah makin mahal tapi koneksi makin amburadul ğŸ˜‚
2021-02-01 02:52:47,BiznetHome,Indonesia,"@NSumono Hai kak @NSumono Mohon maaf kak,  Kami cek saat ini wilayah tersebut belum tersedia jaringan Biznet. Terimâ€¦ https://t.co/G6qtKhpsnH"
2021-02-01 02:44:18,NSumono,"Selorejo, Indonesia","@BiznetHome selamat pagi,,mau tanya apakah wilayah kecamatan Selorejo kabupaten Blitar sdh tercover biznet.. https://t.co/pbuNyXLDr7"
2021-02-01 02:22:05,djamtjoek,"Bandung, Jawa Barat",@budew__ Biznet ceunah bagus
2021-02-01 00:50:13,panggilgwroy,,"@deosforos Pagi, Kak Bagas. Setelah kami cek terkait FUP sudah tereset kembali ke 0, kami menyarankan kak bagas berâ€¦ https://t.co/y0qBChpYXK"
2021-01-31 22:53:27,tuanmudayusufa,"Tokyo-to, Japan",@deosforos Saatnya beralih ke biznet
2021-01-31 22:25:41,kiryubffs,21. she/her,biznet tegal lagi error apa gmn si
2021-01-31 20:47:27,Luluastwi,Indonesia,Kurang iseng apa jam segini telpon Biznet -_- https://t.co/KuOCIqG39a
2021-01-31 17:29:18,zxhrxcxx,,biznet knp ga nyampe rumah w si:((
2021-01-31 16:35:32,kenyangdeh,,@GamesMenfess biznet bungg dan aku tau rasanya sih :)
2021-01-31 16:20:57,pakaihelmet,,@cimolhunter Ganti Biznet coba cil
2021-01-31 16:20:44,wahyu1440,,"Ketika sudah konsis tiap hari bisa upload.
Ada aja perkara INDIHOME.
MY REPUBLIK MA BIZNET KGK ADA NIATAN MASUK BALIKPAPAN KAH?."
2021-01-31 15:24:13,dematobing,Di Sini,Mau pasang biznet kok ribetnya bukan di biznet nya..tapi warga perumahan e boomers kampungan...
2021-01-31 14:42:26,lampungbase,"Lampung, Indonesia",geh! wifi yang cepet di bdl selain biznet apa yaa
2021-01-31 14:10:09,maudyshaa,2nd of ğ‘ªğ’‚ğ’“ğ’ğ’ğ’”,Kok keluarga miskin lebih cepet jawabnya daripada keluarga kaya? Wifinya biznet kah?
2021-01-31 13:49:27,topikembara,,"@tsukizi17 @williamnugrahaa Wkwkw sama bidul aja bless, dia pake biznet"
2021-01-31 13:38:04,sushi_nsoba,eternal atake,"Praying circle 

jaringan inet Biznet atau Cbn masuk daerah rumah"
2021-01-31 12:47:43,roctttt,,"@BiznetHome min, biznet di daerah Grand Wisata belum ada ya?"
2021-01-31 11:39:28,ahbgstt,bdg,"@gorixla Lagi cari perbandingan yang murah sih aku nih, oxygen menarik tapi belum ada di area aku, biznet juga ğŸ˜­"
2021-01-31 11:27:55,lsvbbh,+62 ğŸ‡²ğŸ‡¨ conbek,@pcloeyenthus iyaa makanya pindah jd make biznet
2021-01-31 10:31:41,NATAmeyz,,@limerencea alhamdulillah biznet bisa diajak kerjasama wkwkwk
2021-01-31 10:05:22,DaryNAziz20,"Madiun, Indonesia",@hilihipici Beralih ke biznet saja
2021-01-31 09:45:57,augusmt,"ë°©íƒ„! cafa, rant & sellbuy acc.","@inxtro WKWKWKWK adeh padahal aku minta biznet, kenapa indihome :("
2021-01-31 09:45:40,augusmt,"ë°©íƒ„! cafa, rant & sellbuy acc.",@keenanxfavs padahal aku req biznet ğŸ˜­
2021-01-31 07:51:21,nizhamjam,"Kota Padang, Sumatera Barat","@BiznetHome halo, modem wifi biznet saya sudah 2 hari loss di daerah depok. Apakah ada kontak yang bisa dihubungi?"
2021-01-31 07:40:09,Dentits1,,"Bayar rutin tapi internet kek tai @IndiHome , kalo ada provider lain mending pake yang lain, katanya 10mbps tapi buâ€¦ https://t.co/hZWSMzuoFg"
2021-01-31 06:36:26,jalan_tengah_,"Malang, Jawa Timur","@mardiasih permasalahan yg sama, kalau hujan lebih stabil biznet"
2021-01-31 06:34:24,dykadikung,"Malang, Jawa Timur","Terbaik emang biznet, 1gb 1 menit doang, lanjutkan!!! Coba infihome kemaren 1gb berapa lama coy... https://t.co/4FiUZn6VVL"
2021-01-31 05:49:26,winnyiethepooh,"Bekasi Selatan, Indonesia",Sumpah ya indihome kalo masi gini terus bulan depan gue ganti biznet
2021-01-31 05:49:16,Mikeywababa,,"Website biznet di blokir apa emang jaringan Indihome yg ampas? 

W lagi mau cek pricingnya dan berharap masuk wilayâ€¦ https://t.co/FHqjMLTnwL"
2021-01-31 05:18:31,Mikeywababa,,@IndiHome Bisa minta tolong hubungi Biznet untuk masang dirumah saya aja gk?
2021-01-31 05:07:42,RevanPurnama,"Cianjur - Bandung, Indonesia","Info dong, kalau provider internet cem biznet, cbn, dll itu punya produk modem gak ya? Susah ni di kampung gada jarâ€¦ https://t.co/xYwd99vuau"
2021-01-31 04:48:04,oi_inibudi,,"Halo biznet.. apakah wilayah pulogebang, swadaya 9 jakarta timur suda tercover jaringan biznet.???"
2021-01-31 04:02:55,annissanilam,Indonesia,"@BiznetHome halo pagi, bisa saya dapatkan info mengenai harga untuk WiFi nya. Cilegon area apakah sudah masuk/tercover Biznet? Terimakasih"
2021-01-31 03:48:02,Onamdja,No rl â€¢ NSA â€¢ Rest,"Wifi gua kapan kelar sih ah, gua pen streaming mr queen. Biznet tolong ke rmh gua secepatnya"
2021-01-31 03:40:14,mariorichii,inside your mind,@jin_raks @FirstMediaCares Emang di tmpt kita biznet bs masuk to? Kalo bisa gua mau deh ganti aja ke biznet. Cacatâ€¦ https://t.co/ywV8yUjRKp
2021-01-31 03:29:00,oreorenyah,uwuphobia,@FirstMediaCares kenapasi suka naikin harga pembayaran tanpa persetujuan dari pelanggan? tagihan pembayaran yang taâ€¦ https://t.co/rkfCLSQVlo
2021-01-31 03:21:41,semangatdaku,,"@KediriFess aku 1,25 an biznet wi 3+1 bulan"
2021-01-31 02:27:24,jafeq,,@mianvirginia punya temen gw bagus banget. kalo di komplek gw ada myrep/biznet sih dari dulu udah gw ganti nih
2021-01-31 01:51:00,buburdiudak,Indonesia,"Biznet masuk kelurahan gua napa, capek bet ini make IndiHome anjing"
2021-01-31 01:09:10,oreorenyah,uwuphobia,kenapasi suka naikin harga pembayaran tanpa persetujuan dari pelanggan? tagihan pembayaran yang tadi nya sekitar 25â€¦ https://t.co/bO4jQjKSkb
2021-01-31 00:01:09,wirautama,Bali,"@dokterMade Mantap, saya mungkin nanti coba deh kalau CBN masih bermasalah, mumpung Biznet buka kantor di Jl. Raya Canggu"
2021-01-30 19:29:10,abangdani26,"DKI Jakarta, Indonesia","Mantapss indihome seminggu gangguan,, nyusahin banget. Klo ganti bagusan biznet apa myrepublic ngab"
2021-01-30 19:27:16,tongam,Duren Sawit - Palmerah,Lah biznet offline nih?
2021-01-30 19:08:47,dimamamas,"Jakarta Timur, DKI Jakarta",ini biznet gua ngapa mati sialan
2021-01-30 18:30:56,buzzarrr,bukan first acc,oke sekarang beneran pasang wifi tapi psangnya indihome karna firstmedia/biznet ga nyampe rumah gue
2021-01-30 18:22:03,lycorispuppy,,@shopeeping maunyaa biznet tapi gamasuk masuk sebelğŸ¤¬ğŸ¤¬
2021-01-30 16:50:07,fajaranawawi,"Jakarta Capital Region, Indone",sedih banget hari terakhir pake biznet
2021-01-30 16:21:42,BiznetHome,Indonesia,"@Daaffaaa231 Untuk saat ini Biznet terus memperluas area cakupannya, namun secara bertahap ya. Kamu juga bisa mengiâ€¦ https://t.co/vZLbvP6Bmp"
2021-01-30 15:52:43,voenue,XXIX â€¢Ì‘ á´¥ â€¢Ì‘,@ciandid eh wifi aku juga lagi jelek tau akhir2 ini. biznet sihh
2021-01-30 15:09:13,IrawanNabiel,Jakarta Capital Region,keren bgt biznet indihome lagi lantik ngelag
2021-01-30 15:08:49,akuadin,Central Village - East Jakarta,@adityaskywalker @ernestprakasa Sama :( biznet belum masuk
2021-01-30 14:38:30,ibe428,,"@cewesundaaa @HeyBudie Kamu terlalu Biznet 
Buat Aku yg Indihome"
2021-01-30 14:38:06,hendrabazz,"Madiun, Indonesia",Ganti Biznet ngga yaa??? Indihome lama2 sudah tidak nyaman dipakai
2021-01-30 14:15:13,mustofa_abduh,Jakarta Capital Region,@Gavinirhndy_ @rymzier Biznet ajalah
2021-01-30 14:11:42,Radguh,Planet,gasabar mau ganti k biznet
2021-01-30 14:09:01,darumowl,tulungagung berbulu sleman,orang-orang kok pada gapake biznet sih heran...
2021-01-30 13:32:46,BiznetHome,Indonesia,"@dwirahmawann @IndiHome Hay Kak @dwirahmawann, Terima kasih atas ketertarikan Anda menggunakan layanan Biznet. Kamiâ€¦ https://t.co/vPHhnO1lnf"
2021-01-30 13:23:26,AkuMarlin,bumi datar,@helloocaca Pasangnya indovision atau ga biznet
2021-01-30 13:20:44,deanoodin_,,Ni lama2 first gw ganti biznet ni ajg
2021-01-30 13:18:09,rizzzqiikrr,"Yogyakarta, Indonesia",biznet otw masang tiang diperumahanğŸ˜
2021-01-30 13:14:08,AkuMarlin,bumi datar,"@senyumkli Iyaaa, bm ganti biznet"
2021-01-30 12:51:32,BiznetHome,Indonesia,"@Daaffaaa231 Untuk layanan perumahan mulai dari Rp325,000 up to 75Mbps detailnya dapat cek pada link berikutâ€¦ https://t.co/7vag4RH34y"
2021-01-30 12:45:03,pearly62_,"Jakarta, Indonesia","@vayn_darlene Sepertinya modemnya eksklusif untuk langganan biznet saja, karena ada beberapa setting yg gk bisa diâ€¦ https://t.co/Q1URcf3oVU"
2021-01-30 12:44:59,riski_wibowo,"Pavia, Lombardy",@BiznetHome @punkkostrad_ @IndiHome @BiznetNetworks belum ada biznet. makanya pasang sini sudah.
2021-01-30 12:40:31,sonsonism,Jakarta,"Hari ini paling parah, internet mati dari jam 12 siang sampe detik ini belom nyala juga.

Biznet keren ğŸ‘"
2021-01-30 12:38:06,renlacoty,ONEMYZEN ,biznet shari aja bner bs gk
2021-01-30 12:34:25,eridhooo,in ur bathroom,"@_pizzaface @memefess biznet, kloga Indosat home"
2021-01-30 12:24:15,vayn_darlene,Bali,"@pearly62_ Mas mau tny dong. Kalo modem dibeli terus kalo suatu saat ga mau pake biznet lg, apa bs dipkein ke provider lain? Thanks"
2021-01-30 12:22:36,etathena,,"@jihoonwonwoo Kalau paketnya cuma asa internet + tv, mubazir banget sih iya jatuhnya..... biznet deh emang terbaikâ€¦ https://t.co/yb2Z5GeR1p"
2021-01-30 11:57:01,bongjaehyunie,+62,wifi woollim bobrok ganti biznet coba
2021-01-30 11:52:25,mutianjay,,@boringwasabi @FirstMediaCares @IndiHome Ada tv nya ga sih gibb? Emg bnyk rekomen nih biznet
2021-01-30 11:33:33,suppkana06,,Min plis ini mah jan putus2 lagiiii.. pake biznet kalau bisa ğŸ˜­ğŸ˜­ #CosmoSaturdateXMSS
2021-01-30 11:12:18,riski_wibowo,"Pavia, Lombardy","@punkkostrad_ @IndiHome @BiznetHome @BiznetNetworks hash raono biznet, isih monopoli nang kene."
2021-01-30 10:51:51,Annoyingnormies,,Indihome bangkrut aja biar biznet cepet masuk sini
2021-01-30 10:49:33,etathena,,@jihoonwonwoo Katanya biznet bagus kak! Buat netflix juga yang paling lancar pakai itu ğŸ¤£ pokoknya JANGAN indiğŸ 
2021-01-30 10:40:38,papankulo_,"Banyuwangi, Indonesia",Tak ganti indihome ae wes. Biznet terlalu kenceng iki.
2021-01-30 10:35:56,manusiahore,Lunatic Guy,"Faklah biznet belum sampe serdang, pake yang sekarang, kemahalan asw"
2021-01-30 10:24:55,punkkostrad_,+62,"@riski_wibowo @IndiHome 1. Ke gerai indihome
2. Minta cabut indihome
3. Ke @BiznetHome @BiznetNetworks 
4. Pasang biznet"
2021-01-30 10:05:32,azulabintiozai,Fire Nation,"@frnndaimnr @infomalang Gaada mbak cm indihom. Bisa cek di webnya masing2 provider kaya myrepublic, mncplay, biznetâ€¦ https://t.co/rSt5aDCMXO"
2021-01-30 10:04:19,Bimo_Is_Ngingo,,"@kiramayatu @FirstMediaCares Betul dari kemarin mati inetnya, pas tagihan telat aja semangat nagih giliran gangguanâ€¦ https://t.co/g4fiyG0JTt"
2021-01-30 09:59:43,TFloHulu_,Milky Way-Indonesia,"@hanakinarina @FirstMediaCares BISAAA BANGETTTTTğŸ‘ğŸ‘biznet topmarkotop lah, myrepublic juga bagus. Tapi ku tak tahu mâ€¦ https://t.co/lKiegpWOHE"
2021-01-30 09:14:16,mnhaajid,Bekasi - Indonesia,@fmiqbal10 biznet no debat cuk
2021-01-30 08:28:55,sonsonism,Jakarta,"Gua kira biznet lebih bagus dari yang laen, ternyata sama aja. Jadi, provider wifi di Indonesia tuh emang bapuk semâ€¦ https://t.co/ornfJIESOa"
2021-01-30 08:21:40,shit_aaaa,,"@BiznetHome halo min, saya tertarik u/ langganan biznet. Sebelumnya mau cek dong, lokasi saya tercover jaringan biznet apa tidak"
2021-01-30 08:11:52,Abdulghony04,"Mojokerto, Jawa Timur",@BiznetHome halo biznet.. Tolong dong di perluas lagi jangkaunya. Udah 2 tahunan ngu masih gak ada perluasan jaringanya
2021-01-30 07:24:12,pausbelugaa,,"yuk biznet kerjasamanya yuk, kerjaan gw belom kelar nih"
2021-01-30 07:13:19,alchristaegin,Yogyakarta,Pengen pny koneksi Biznet tp lom masup Kricak hix.
2021-01-30 07:02:19,jumpseen,,"@FadHumaira Apalagi pake internet Biznet, lancar terus hubungannya~"
2021-01-30 06:37:15,shendalljnr,"NCity, EXO Planet","@nct_menfess allhamdulillah pas mau vlive itu bapaku pasang biznet dua hari sebelumnya, emang rejeki anak sholehah ğŸ™ğŸ»"
2021-01-30 05:50:35,spent_with_u,,"@aishahhfariha memang pun firstmedia tu siapa la yg suggest ğŸ¤£, better use indihome/biznet"
2021-01-30 05:32:33,eqvesdrops,,"@ssefnum ya emang indihome yg jangkauan daerahnya gede.
kalau daerah lu ada kejangkau moratel ya pasang aja moratelâ€¦ https://t.co/WnDLUiYqkd"
2021-01-30 05:26:07,basoceleng,"INDONESIA,Bogor","Biznet masuk komplek fix sih ganti dari xlhome, xl gangguan seminggu ga beres beres heran"
2021-01-30 05:09:28,trupperware,"Denpasar, Bali","@Askrlfess Pke biznet aja nder, tagihannya stabil gaakan berubah"
2021-01-30 04:27:14,Haidarmohalisi,,"Min, sekarang pake biznet gabisa akses Disney+ yak? @BiznetHome"
2021-01-30 04:08:11,genuinelrh,she/her,"@collegemenfess biznet kalo daerahmu terjangkau,
aku pake indihome 20 mbps lancar buat 2 rumah, per rumah bayar 180k xixixi murah bkn"
2021-01-30 04:07:01,isprng,Indonesia,"@collegemenfess biznet setauku 4 bln ato 3 bln pertama 1,5jeti dan luancarr"
2021-01-30 04:04:45,Syahbanaa_,"Bondowoso, Indonesia",Bondowoso bakal ada biznet nih
2021-01-30 03:45:23,desireesouisa,Hakuna Matata,@BiznetHome dari kemaren ga bisa di pake internet nya .. udah email tapi slow respon banget ! Kerjaan jadi stuck seâ€¦ https://t.co/2AGgCjEKyC
2021-01-30 03:24:38,BiznetHome,Indonesia,"@dwirahmawann @IndiHome @dwirahmawann Hi Kak, bisa tolong dibantu informasi alamat lengkap seperti nama kota, jalanâ€¦ https://t.co/ijCRLQS3N7"
2021-01-30 02:12:07,NoviHanabi,Jakarta Capital Region,@ViaKribo @MyRepublicID @MyRepublicJKT Mau ganti biznet ajalah :|
2021-01-30 02:01:07,MRFKN285,"Sukabumi, JawaBarat, Indonesia",@BiznetHome min biznet saya los knp?
2021-01-30 01:13:46,amran_overclock,Behind a proxy | kios kecil,"@BiznetHome pagi min ini biznet no 20076582,  gangguan /DC dari semalem  mohon dibantuk ğŸ™ğŸ™ğŸ™ *prok prok prok *"
2021-01-30 00:58:46,magicriego,,guys tanya ada yang pakai biznet? sebulan brp + mbps juga ya? makasih
2021-01-30 00:12:56,iamnietzschee,,aku perlu teknisi Biznet domisili Jogja buat mengatasi WiFi di lt 1
2021-01-30 00:09:11,iamnietzschee,,ini kenapa pada buat surat. sampe Biznet juga buatğŸ™‚ https://t.co/X9V8sea5MD
2021-01-29 21:16:05,ledbuled,DKI Jakarta,@BiznetHome hi apakah cakupany biznet sudah sampai bsd? Daerah pagedangan ud bisa blm min??
2021-01-29 19:46:14,Starveecal,"tidak bisa bermain twt, ajarin",biznet lagi ada apasih? error dari tadi siang
2021-01-29 18:42:16,MiftahHulhuda28,"East Java, Indonesia",@dillaldiena @an666anden tapi biznet gak stabil :(
2021-01-29 18:16:54,dillaldiena,"ÃœT: -8.0550426,111.9084418",@an666anden Silahkan berpindah ke biznet ya kak. Indihome kebanyakan yg make makanya ngalem kalo malamğŸ¥º
2021-01-29 17:30:26,pedotcoo,"ÃœT: -8.111631,115.091172","@ernestprakasa Zonk pake ini ğŸ˜‚ğŸ˜‚, paling bener dah biznet"
2021-01-29 16:39:03,yatdayat,GMT+7,@FirstMediaCares Alamat biznet dimana om?
2021-01-29 16:17:06,amarawati_,Indonesia ,"@Yabsarpote Bisa, al. Tapi coba cek dulu coverage area, cek di sini https://t.co/gQw2Md3ZI6 atau klo mau juga cek bâ€¦ https://t.co/lTLIEe4XzY"
2021-01-29 16:09:45,rajheali,Kedai Kopi,@WidieAdityaPtr Siap nanti dicoba.. lu skrg gak kerja di biznet kan?
2021-01-29 16:04:26,sterrennuit,cw: harsh words and nsfw. ,@alphathauri mknya pake biznet
2021-01-29 16:02:04,NamaDis43573516,"Cipondoh, Indonesia","Yang mau beralih dari 
Firstmedia
Indiehome
XL Home
Biznet
Bisa DM atau WhatsApp mimin yaağŸ™‚ https://t.co/0dAP5i1kmx"
2021-01-29 15:49:21,titokrawk,apple city - shrimp city,Semoga biznet ga ikut2an bikin konten viral si eiger drpd blunder
2021-01-29 15:16:13,uglylookinassmf,,"@FirstMediaCares Dulu pake first media, sering error terus sewaktu"" jaringanya gajelas akhirnya mati internetnya seâ€¦ https://t.co/CFYCThiWnU"
2021-01-29 15:12:33,_waenyeoll,Jakarta,@ernestprakasa Blg diketawain biznet koh ğŸ¤£
2021-01-29 15:12:29,ayodigoyang,Indonesia,"@Binatletis @FirstMediaCares Ganti apa jadinya? Biznet, XL, MNC, Myrepublic?"
2021-01-29 15:06:59,wilyartopurnomo,,"Ayo dong biznet, myrepublic, atau mncplay merapat ke pamulang 2 ğŸ™‚"
2021-01-29 14:50:30,RicAndreas,Jakarta,"@FurinOngko @ezash Sama aja, kalo biznet atau my republik mungkin sedikit beda"
2021-01-29 14:48:17,RicAndreas,Jakarta,"@andinipramesthi Hahah sama kayak indihome, kalo biznet atau my republik mungkin sedikit beda kali ya"
2021-01-29 14:46:51,fzpermana,,"@FirstMediaCares NGGATAU, GUA PAKE BIZNET BWEEE"
2021-01-29 14:08:58,astriwibowow,"ÃœT: -6.270808,106.738102",@dytweetss Gw si berharap biznet masuk bund. Tp apadaya. My rep aja udh bertahun2 blm juga ada hilalnya di rumah w:)
2021-01-29 14:08:51,mellaaputri,,"@BiznetHome halo, utk THB blok A apa biznet sdh masuk?"
2021-01-29 14:04:04,weedeeblue,Home sweet home,@coraliabali @hiYano Eh tapi sebagai pemakai Biznet di Tahun ketiga...ga ada keluhan loh ya...kecuali pas hujan badâ€¦ https://t.co/lL6SJHsCQc
2021-01-29 13:59:13,adwinz,insta : adwindz,"@BiznetHome dear biznet, kenapa koneksi biznethome saya tidak bisa akses ke web klikbca ya?"
2021-01-29 13:25:45,bungkusfinto,"Tangerang City, Indonesia","@IndiHome Kalau 10 menit masih gak stabil, saya ganti biznet ahhh ğŸ¤£ğŸ¤£ğŸ¤£"
2021-01-29 13:17:30,hiYano,"GARAM: -8.720456,115.182724","@coraliabali mba, biznet rekomend ga nih setelah beberapa saat?"
2021-01-29 13:10:05,MNHadianto,Indonesia,"@mundanewalnut Biznet datang ke Cianjur lah, tolong..."
2021-01-29 12:52:13,oyisam_haz,Indonesia,@haneshan_ oalah wkwk biznet deh coba
2021-01-29 12:25:23,_thure,Dunia yang fana,@kaizerwombat48 @eigeradventure sekalinya teknisi dateng kalah jauh lomba sama biznet haha
2021-01-29 12:13:43,mutianjay,,@greentealatte08 @FirstMediaCares @IndiHome Ktanya myrepublic cs nya ga helpful? Gue mikir mau biznet or xlhome deh kyaknya
2021-01-29 11:43:11,choc0mylk,bali,@myliptin kak aku biznet alhamdulillah amanğŸ™ğŸ¼
2021-01-29 11:40:17,BiznetHome,Indonesia,"@welmindiana Hi @welmindiana, apakah benar utk ID pelanggannya a.n  WELMIN D***? Jk benar, utk saat ini jaringan kaâ€¦ https://t.co/3gFGgKZn2X"
2021-01-29 11:35:34,myliptin,Bali,Biznet km knp sayanggg https://t.co/Nn7uxMU3Ne
2021-01-29 11:33:25,astriwibowow,"ÃœT: -6.270808,106.738102",Biznet kenapa kau tidak tarik kabel ke bintaro:(
2021-01-29 11:24:26,padiiiiil,Kota ğŸŒ§,"@KartikaBawono Ya kalo buat pemakaian sendiri sih biznet lebih mumpuni, cuma kalo buat dishare gitu mau biznet atauâ€¦ https://t.co/DeaAPoXH5e"
2021-01-29 11:18:04,cabeawit,Miami!,@KartikaBawono @bakpianada Aslii biznet lah wkwkwk
2021-01-29 11:16:57,bakpianada,,@KartikaBawono Waduh wkwk. Aku gatau first media gimana sih tik. Tp dirumahku biznet dipakek 8 org+smart tv ga lemot
2021-01-29 11:16:43,kuypacaran,"Jakarta Capital Region, Indonesia","Biznet ada masalah apasih, sebulan lalu gue pake masih &gt;100 mbps ini kok segini ya https://t.co/BvObZzJl9P"
2021-01-29 11:11:31,cabeawit,Miami!,"@nurmedisya @KartikaBawono AHAHAHAHHA my republic lah, kaloga xlhome, kemudian biznet jelass"
2021-01-29 11:10:53,lullipaap,"Pekanbaru, Riau",@prianormal_ @squidwardfess @IndiHome biznet sm indihome beda beda dikit ga harganya?
2021-01-29 11:07:32,sisidiksisiduen,Sukabumi,@d3d1s @IndiHome @onnowpurbo @erickthohir beralih ke biznet saja kang ğŸ˜
2021-01-29 11:06:37,prianormal_,,"@squidwardfess Biznet.
Kalau indihome udh mahal. Lelet. Plus hilanng sinyl kalau hujan. 
@IndiHome bnarkan?"
2021-01-29 11:06:04,tradnra,,"@squidwardfess gatau, biznet enak ga si"
2021-01-29 10:58:52,kucingberebah,Dunia omw Akhirat,"@inasyahda_ gakira masuk wkwkwk
Biznet ae gak bisa masuk perumahanku"
2021-01-29 10:51:33,masealf,jakarta - papua pp,"@BiznetHome makasih kiriman maskernya. Tetiba dapat paket masker, ternyata dari biznet. https://t.co/XixvZzPCvn"
2021-01-29 10:38:48,sonsonism,Jakarta,"@BiznetHome Halo, sekarang wifinya makin parah, internet mati bukan cuma malem tapi siang juga.
Hari ini mati dariâ€¦ https://t.co/pj7xbPELUJ"
2021-01-29 08:39:44,subschfess,RULES ğŸ‘‰,"sch! mending biznet atau indihome ya kl buat daring+bljr utk utbk?

âœ„ãƒ»ãƒ»ãƒ»
ğŸ¤” Trivia: semua bilangan yang dipangkatkanâ€¦ https://t.co/V8RtEWGhid"
2021-01-29 07:28:56,lessakhlak,harta tahta kateha,@arkysavana biznet balikpapan ada nggak
2021-01-29 07:07:13,ethereaaIx,,apaka hrus ganti ke biznet? https://t.co/bCnFcOqnG4
2021-01-29 07:05:37,me_romy,in your mind,"@BiznetHome min cek DM, minta info pendaftaran biznet dong"
2021-01-29 06:23:49,viamaliaa,Kuala Lumpur - Malang,@Destiawan_ Mnc rekomen? Biznet blm masuk soalnya
2021-01-29 06:20:06,Destiawan_,Malang,@viamaliaa biznet sama mnc
2021-01-29 06:00:56,wendystruggling,neverland,jam 2 nanti w ulangan gausah ngaco lu @ biznet
2021-01-29 06:00:38,melvindian,,@tiamoamoremia Ye kalo gua beduit juga pakenya biznet ege. Beda lagi kalo itu mah
2021-01-29 05:08:06,kil_mangas,"Jakarta Capital Region, Indone","@BiznetHome halo sejak september 2020, biznet udah pasang tiang di perumahan kami. Tapi sampai skrg masih belum aktif."
2021-01-29 05:04:08,beersantay,Surakarta,"@MahasiswaUMS Karenaaku kalo nontn via netflix app, aku suka biznet :)"
2021-01-29 05:02:55,haijordi,,@telyufess Biznet gaada obat sih wkwkwk https://t.co/iZbt6LsZHF
2021-01-29 05:00:21,rumah123,"Jakarta, Indonesia",Ada rencana untuk mengganti Wi-Fi di rumah tapi belum ada gambaran? Biznet Home bisa jadi pilihannya nih. WFH kamuâ€¦ https://t.co/cDSkwYVCFp
2021-01-29 04:55:24,fdnxdn,"Surakarta, Jawa Tengah","@MahasiswaUMS Ikutan nanya dan nambahin ya nder..
Untuk area ums (gonilan) mendinv biznet/citranet/indihome?"
2021-01-29 04:54:07,Rybbyy2,"Surakarta, Jawa Tengah","@MahasiswaUMS Biznet, tp biznet di ums blm bisa"
2021-01-29 04:51:57,MahasiswaUMS,Pabelan - Surakarta,"UMSFess- cerita pengalaman pakek biznet di solo ,apa indi home aja"
2021-01-29 03:20:29,tiamoamoremia,Elysium,@melvindian iya ya disaat orang2 indihome n fisrtmedia. w biznet LOL
2021-01-29 02:51:45,KediriFess,Diwoco disek ğŸ‘‰ğŸ‘‰,cah enek sg gae wifi biznet gak? piye menurutmu wifine recomended gak
2021-01-29 02:35:03,ahmedmiardien,Jakarta,"@bhirowoism Gilak semuanya di tag wkwk, btw itu bukan myrep atau biznet wkwk remala itu"
2021-01-29 02:21:28,AlfaristSalman,Jakarta Capital Region,@FirstMediaCares @riandhisyah Apakah Biznet sudah ada jaringannya di Kebayoran Residence sektor 7 Bintaro Jaya... sâ€¦ https://t.co/VWNSo0wbRP
2021-01-29 01:10:25,Andikacleosa,Bekasi utara,@secgron @arsenalskitchen Gw kemarin 2 hari komplen dibikin kaya org bego diputer2 hari ini mau stop langganan ganti biznet aja
2021-01-29 00:58:04,aditanoraga,no one knows,"@rdwic ini sepengetahuanku kalau di jawa timur biznet ama myrepublic diatas MNCPlay tier nya.

tapi tetep sih pointâ€¦ https://t.co/qv2UoTDGUj"
2021-01-29 00:02:05,wirautama,Bali,@dokterMade Biznet paket berapa ini dok?
2021-01-28 18:25:31,Kuyangze,Molor,@sayapmekdi pakai biznet ka at indihome kwkwkwkwkwkw....
2021-01-28 18:00:37,patradewa,jakarta,@aldamayo Lumayan bgt sih ni pake Biznet udah bisa harusnya
2021-01-28 17:47:04,sukabirubiru,South Tangerang,cepet2 la biznet masuk perumahankuğŸ˜–ğŸ˜­
2021-01-28 17:38:10,SRaydipta,,"@BiznetHome waduh biznet respon nya lelet ;( ...min ini ga ada sinyal net nya alias mati, gimana nih?"
2021-01-28 17:35:02,SRaydipta,,@BiznetHome ini biznet kenapa ? ga ada koneksi sama sekali? ini down atau bagaimana?
2021-01-28 15:24:58,fikri_hdy,Bogor,@BiznetHome hi Biznet apakah sudah ada untuk area Pekanbaru?
2021-01-28 15:24:30,fikri_hdy,Bogor,@BiznetHome Hi Biznet apakah sudah ada area Pekanbaru?
2021-01-28 15:21:21,Mikeywababa,,"Ini perkara gak ada penyedia lain aja... Kalo ada Biznet atau yg lain, udah lama ku buang klean."
2021-01-28 14:16:39,FaisalAgata,Solo,"Ini kalo dirumah kena cover biznet, gw lagsg cabut dr dinihome deh"
2021-01-28 14:08:23,TowyArya,Milky way,"@BiznetHome dear Biznet, please bgt perluasan jaringan internet ke kawasan sentul city dong.. gw dah gak tahan lagiâ€¦ https://t.co/llJT2X7Tos"
2021-01-28 14:06:44,taehyungtannie2,,sumpah da kalo besok indihome gua blm bener mo ganti aja lgsg ke biznet
2021-01-28 13:34:09,chikopicinoo,,"@tputraa belom ngejangkau gue dah coba nanya biznet, mnc play, xl"
2021-01-28 13:30:00,jancoque,she/her,biznet jelek bgt asu mau streaming materi sm soundclod  aja gabisa
2021-01-28 13:23:07,wndlstr_,"Ğ”ÑƒĞ±Ñ€Ğ¾Ğ²ÑĞºĞ¸Ğ¹ Ñ€Ğ°Ğ¹Ğ¾Ğ½, Ğ Ğ¾ÑÑĞ¸Ñ",@reziartha @imamimoo Pindah biznet aja lurr
2021-01-28 13:12:58,FadlanA_,,"Pengen bikin konten clip, eh sinyal biznet lagi ambyar dari tadi ga jalan jalan njirr"
2021-01-28 12:49:45,mindvaccine,,"pls lah myrepublic, firstmedia atau biznet kek mampir ke rumah gw"
2021-01-28 12:43:44,sinnestrea,he/him,@jellyldl disini tuh my republic atau biznet gitu belom ada asu
2021-01-28 12:32:08,icyutae,she/they,"@subtanyarl biznet! unlimited + gaperna ada masalah (menurut pengalamanku sih ya) lumayan murah juga, cuma pas awalâ€¦ https://t.co/B7xVztF2YY"
2021-01-28 12:31:41,bobroktpgpp,,"@subtanyarl myrepublic aman, biznet ktny juga bagus, jangan tanya harganya karena w kurang tau jg"
2021-01-28 12:10:24,BiznetHome,Indonesia,"@Piscyzz__ Hi @Piscyzz__ saat ini Biznet ada lho promo instalasi 250 Ribu, kamu dapat informasikan ya lokasi lengkaâ€¦ https://t.co/xNolkELz0U"
2021-01-28 11:59:03,friedtempeh,,@trendingtopiq Ngundang mas-mas indihome ke rumah buat nyabut instalasinya terus ganti biznet dan lanjutin proyek râ€¦ https://t.co/Sb2e0niTtx
2021-01-28 11:52:25,gopaypromo,,"Udah bayar langganan internet dan TV kabel di rumah?

Kalo belum, yuk cobain bayar langganan Biznet kamu di GoTagihâ€¦ https://t.co/Hsch7L8MVk"
2021-01-28 11:35:42,muhammadfikriee,505,"Sore kak, mau tanya untuk wilayah Bandung yg sudah tercover biznet daerah mana saja ya? @BiznetHome"
2021-01-28 11:34:07,muhammadfikriee,505,Biznet/MyRepublic recommended ndak ya(?). Firstmedia banyak gangguan daripada lancarnya ternyata.
2021-01-28 10:53:40,lemuraph,"Yogyakarta, Indonesia","@salmagkharoris_ @IndiHome kalo pindah Biznet, melu ngabs"
2021-01-28 10:27:52,TriAji__,,"Tolong lah myrep,biznet,oxygen terjangkau di meruyung"
2021-01-28 09:49:32,frznsunday,,"@burnsunday Biznet mayan tp masangnya bayar sendiri, aku waktu di kosan pertama kena 1.2 :')"
2021-01-28 09:31:50,txtfromeyo,hanya folback mutual rp ku.,@woocatto kagak sih gue biznet mati 5 menit doang td wkwkwkwk
2021-01-28 09:25:21,kakdomel,,@uwenos_ Asli pengen bgt biznet cuman belum masuk euy wenk sad
2021-01-28 09:13:47,uwenos_,,"@kryptonitespear Biznet atau myrep aja mol, dijamin cuco meong"
2021-01-28 08:52:45,ayamjxntn,Jakarta Capital Region,"@_aryadims @kangadzan @maheeew bukan masalah pedalaman cok, emang akses buat kayak xlhome, biznet atau dll. itu gabâ€¦ https://t.co/RCo2SWPOj8"
2021-01-28 08:40:35,kucingregal,"Tegal, Jawa Tengah, Indonesia",@UNSfess_ sorry tp aku biznet
2021-01-28 08:29:48,ripaldiptr,"Jakarta Capital Region, Indonesia","@nandaaput masa sih dari sekian banyak cuma indihome... mnc, myrepublic, oxygen , biznet gitu"
2021-01-28 08:03:38,prasiwifa,"Magelang, Jawa Tengah",@sapimuuuu kerjanya di biznet tp pakenya indihome apa gmn nih sis?ğŸ¤”
2021-01-28 07:30:05,Firamilaa,,"@lampungbase dikantor gue pke biznet, cepet kadang gangguan tpi gak sesering indihome gangguannya"
2021-01-28 06:37:33,salmagkharoris_,,"halo @IndiHome wifi saya 20mb, saya pake sama temen saya bedua dia lagi chatingan, saya lagi main game online tapiâ€¦ https://t.co/CKTKQVUBDc"
2021-01-28 06:27:46,cravingv0dka,,Biznet bagus gak ya tp daerah gua blm ada hadeuh
2021-01-28 06:26:52,deanangkasoy,,@abouthaechi biznet di dom gua rada susah masangnya
2021-01-28 06:24:59,yoursunbright,"Huntsville, AL","@lampungbase Biznet. Cuma ga seluruh bandar lampung cuma way halim , enggal, pahoman sama beberapa tempat di pusat kota."
2021-01-28 06:20:56,BiznetHome,Indonesia,"@__bijikuaci Hi @__bijikuaci, mohon maaf atas ketidanyamanannya. Saat ini sedang terjadi kendala pada jalur distribâ€¦ https://t.co/8IDBGJBkY7"
2021-01-28 06:13:14,YogyakartaManfs,Kota Yogyakarta,YOG ada kenalan atau contact dari biznet? wifinya lemot :(
2021-01-28 05:46:00,methapore,ca sih kayanya,"@ssefnum Mending biznet atau myrep, harganya emang lumayan tapi worth it untuk internetan karena lancar jaya. Kalauâ€¦ https://t.co/POyRGYQx3S"
2021-01-28 05:43:33,SU8GA,Indonesia,"@ssefnum Mending Biznet ga sih, mahal dikit tapi bagus."
2021-01-28 05:42:38,DYONIZEUS,"#ã‚¸ãƒ§ã‚¨ãƒ« : åŠå· å¾¹, å½±å±± é£›é›„
and çŸ¢å£ æ­ä»‹ #1 full timer simp

 they/them also NSFW
((read carrd byfâ•â•))

NOT FOLLOWING UNDER 15
Â¡ current moots are OK !","@burnsunday Oh iya indihome segituan ya, berarti oxygen se first media lah gak beda jauh.. Gak mau coba biznet kak?"
2021-01-28 05:35:50,murti_d,Jakarta,"@haunz Kalo gak beres2, ni status firstmedia sebagai penyedia layanan internet tunggal di cluster gw bakal gw usuliâ€¦ https://t.co/mbihDMXuSP"
2021-01-28 05:31:45,jenniervbijane,"Jakarta Pusat, DKI Jakarta",@raayfzl Masa biznet siih ğŸ˜‚ğŸ˜‚
2021-01-28 05:31:05,haunz,Game & Film room,"@murti_d Try BizNet

Etapi kata Anne, ga masuk ya..."
2021-01-28 05:28:08,raayfzl,"Bekasi Selatan, Indonesia",@Reynandiowang Kamu biznet ya?
2021-01-28 05:19:51,inibukannj,,"biznet, km mau ikut ikutan tetangga sebelah jd lemot jg yah?!"
2021-01-28 05:13:24,khadchy,"Jkt, id.",biznet km kenapa jadi sampah bgt
2021-01-28 05:07:47,mawaratuu,,"Dia menang hoax. 
Ganti citranet atau biznet aja.
Balifiber juga lebih bagus, tapi gatau udah ada di jogja belum. https://t.co/xtgeBNGLC0"
2021-01-28 05:04:39,FunJunkies,Asmaraloka,@IanSalim Aku udah ganti ke Biznet. Makan ati. Bayar 1.5 juta per bulan kerjaannya meninggal terus. Sekarang hidup jauh lebih tenang ğŸ˜‚
2021-01-28 04:45:47,ROBOTZINAH,flop era,hai min @IndiHome aku pakenya biznet sih tapi follback aku dong https://t.co/RNiCK8fWJA
2021-01-28 04:26:30,dhivergent_,in a getaway car | ğŸ‡®ğŸ‡©,@farzamani apa perlu survei dulu ke tetangga biznet udah oke belom di lingkungan yang sederhana ini
2021-01-28 04:14:31,grzpra,"Firenze, Toscana",@GnetumGnemon_ Ganti biznet coy wkwk
2021-01-28 03:32:32,bimassanss,,@F4THERSDAY makanya ganti ke biznet
2021-01-28 02:10:37,vinaa145,Ravenclaw,@indulgencecltr Shiv gue berdoa semoga biznet cepet masuk ke daerah rumah gueğŸ™ğŸ»ğŸ™ğŸ»ğŸ™ğŸ»ğŸ™ğŸ»
2021-01-28 02:02:25,Andikacleosa,Bekasi utara,@IndiHome Gmn hari ini jd ada teknisi yg dtng ga udh 2 hari nih koneksi los trs ? Kalo ga dtng jg mending gw ganti biznet deh
2021-01-28 01:56:44,euncueha,,@subtanyarl aku pakenya biznet
2021-01-28 01:39:13,gndvl,Indonesia,"@dafidab @IndiHome wkwkwkw.. ning kabeh jogja mesti istimewa to? 
btw, coba golek info first media atau powertel atâ€¦ https://t.co/dQzBJmq6x0"
2021-01-27 17:55:25,Andrianiww,,Pindah aelah gua ke biznet anjir gemes bgt. Kmaren gua skripsian gada jaringan. Main gada jaringan jg
2021-01-27 17:51:06,vvrnxz,,@tayolooo beralih biznet sekarang
2021-01-27 17:22:52,ibrgdrgnxhlm,Westeros,@nabiladlirach @IndiHome Biznet udh pling kenceng loh
2021-01-27 16:16:00,frenavit,di depan laptop,"Tentrem hati ini saat konesi stabil seperti ini.

*elus-elus modem Biznet Home https://t.co/18Bixinzyq"
2021-01-27 15:13:11,sjoederil,"Jakarta Capital Region, Indone",@wambohuhu @IndiHome Gue udah ganti Biznet ham
2021-01-27 15:10:54,clownnying,,"Indihome oh indihome kemarin udah tak puji mayan enak ini trouble lagi -_-

Udah pengen pasang wifi tambahan biznetâ€¦ https://t.co/lYTklrO9Cq"
2021-01-27 15:08:04,IrfandyAdit,"Depok, Jawa Barat",@fsbilla Pindah ke biznet bund dijamin jossssss
2021-01-27 15:07:45,ecstasucks,she/her,@collegemenfess Kl rumah u jangkau biznet mending biznet apalagi kl di rumah bnyk yg wfh/lfh
2021-01-27 14:57:14,satriodeangelo,,Lag bgt ML ku. Gangguan apa yaa Biznet.
2021-01-27 14:49:26,aldy1920,,"@BiznetHome Min, biznet nyediain WiFi repeater / extender gk yah? Biar sinyalnya ketangkep kuat di penjuru kos ane."
2021-01-27 14:20:12,catoprax,,@BiznetHome min jl. kelinci 4 cikarang pusat uda ada jaringan biznet apa belum ya
2021-01-27 14:18:53,catoprax,,"biznet uda ada di cikarang belom sik, males bgt gue make indihom lemot banget anjir kalo uda lewat FUPnya dan yg beâ€¦ https://t.co/cnmjGQ23X0"
2021-01-27 14:06:56,ag_setya,,@BiznetHome daerah suko sidoarjo apakah sudah ada layanan biznet?
2021-01-27 13:53:19,FalahFilano,Malang,@DokuruboFukuya Ganti biznet rel wkwk
2021-01-27 13:05:09,Dnischandra,"Bandung, Indonesia",@resharr Ganti biznet dong
2021-01-27 12:53:26,tishanyambat,southside,@bisajaditeman biznet malih
2021-01-27 12:52:43,woodenwaves,20 â€¢ she/her,@meyista ğŸ˜­ğŸ˜­ğŸ˜­ğŸ˜­ğŸ˜­ğŸ˜­ kalo ada sumpah aku udah pindah dari dulu kak. btw biznet sebulan berapaa?
2021-01-27 12:50:57,meyista,,@woodenwaves Seriusss! Yaampun :( padahal biznet lancar jaya serius deh jarang gangguan dan kebut banget :(
2021-01-27 12:49:30,meyista,,@woodenwaves Kenapa gak pake biznet aja sayang
2021-01-27 12:40:11,hil_fana,,"@maynotmya quotes hari ini
semua salah biznetğŸ˜‚"
2021-01-27 12:26:51,destrojah,,@robbyansyah Karena jajahan sinarmas jadi myrep coveragenya paling luas sih selain indihom. Denger2 biznet masuk taâ€¦ https://t.co/HWUeFxxPV4
2021-01-27 12:10:37,Ervan0707,"Kota Yogyakarta, Bandung",Usaha untuk pindah ke biznet https://t.co/J6uSzUut4k
2021-01-27 12:00:14,Desta412,Indonesia,"@shaulaula Iyaa bagusan biznet laa, gue juga pengen ganti ke biznet kalau kabelnya udah masuk"
2021-01-27 11:21:01,Handyuke,HE,@CatalinaAriadne Indihome emang bikin kesel makanya aku pindah ke biznet wkwk
2021-01-27 10:47:08,roinapitupulu,Bandung & Bali,"@CIMBNiaga Biznet dan cbn itu hanya contoh, qpq ada yg lain ? Atau tidak ada sama sekali ?"
2021-01-27 10:41:58,duczess,peoarls holidawy reaflly,Waduh Biznet kamu kenapa
2021-01-27 10:15:26,gagitude,,"tiap berangkat magang nemu aja pamflet biznet, jadi pen pasang."
2021-01-27 10:11:24,CIMBNiaga,"Jakarta, Indonesia",@roinapitupulu Selamat sore Bapak Roi. Mohon maaf Bapak untuk promo di CBN atau Biznet belum tersedia ya. Terima kasih - Inka
2021-01-27 10:06:33,tahyeaah,Jakarta,@noviaanaw_ @IndiHome @BiznetHome @oxygenidhome Biznet bagos.. cuma agak mahal keknya wakakakaka atau klo rumah luâ€¦ https://t.co/nexow8S6Zb
2021-01-27 09:55:29,1000rupiahh,Indonesia,@dokterMade Ongkos pasang baru Biznet brapa dok? Mahal enggak?
2021-01-27 09:54:04,dokterMade,Denpasar - Bali,"@ryndaza Biznet, mumpung ada promo. Harga bulanan gak jauh beda dengan CBN tapi kecepatannya dua kali lipat."
2021-01-27 09:38:43,abdul_basit94,"Depok, Jawa Barat","@nanda_bril @IndieHome Kalo buat sendiri @xlhomeid paling oke, biznet kalo rame2, @IndiHome mah tinggalin aja"
2021-01-27 09:05:04,republikaonline,"Jakarta, Indonesia","Sampai saat ini, jaringan Biznet telah tersedia di lebih dari 110 kota. https://t.co/lMiRTw06jm"
2021-01-27 08:28:08,rafizaladnan,,@arizbuno paling murah di biznet riz wkkw
2021-01-27 08:14:27,rafizaladnan,,"Tidak salah hijrah ke Biznet, jadi berasa di kampus walau sedang ada di daerah eks 3T https://t.co/f7nGozTIQz"
2021-01-27 07:53:06,neoamadea,Surabaya,"@BiznetHome Halo, so far blm ada team biznet yg kesini, tlg difollowup kembali ya"
2021-01-27 07:43:30,aarianti,"Jakarta, Indonesia","@newsplatter @prasetyoh Ini bener banget, Biznet jd suka mendadak no internet. Padahal dulu paling oke, jd bisa somâ€¦ https://t.co/4nRP3yipii"
2021-01-27 07:36:48,UGM_FESS,RULES,ugm_fess kalau kalian pilih Indihome atau biznet? bingung nih mau pasang Wifi
2021-01-27 07:32:46,bentarabumi,bumi.bentara at gmail,"Seminggu ini @MNCPlayID lambatnya bukan main, tapi hari ini lambatnya udah paling parah. Gua ganti ke Biznet juga nih."
2021-01-27 07:02:45,wedhvs,Rahasia,"@BiznetHome  hi, apakah biznet daerah jakpus sedang gangguan?"
2021-01-27 06:55:16,saybuddy,"Denpasar, Bali",@mmangayu biznet belum nyape pedesaan
2021-01-27 06:54:54,mmangayu,,"@saybuddy Iya lho gedeg kali, kalo biznet kenapa bud?"
2021-01-27 06:35:13,nomorekid,jakarta,"@vrfavoritesin Biznet,myrepublic,xlhome

Kalo ga coverage  sama 3 itu
Mncplay"
2021-01-27 06:30:50,imbaeend,"Yogyakarta, Indonesia","@vrfavoritesin jangan XL Home atau Firstmedia.

Biznet udh paling OKE ğŸ˜…

biznet 75mbps cuman 400k an include sewa mâ€¦ https://t.co/Gkh3FUruQ1"
2021-01-27 06:24:10,saybuddy,"Denpasar, Bali",pilihan provider internet di bali selain indihome (busuk) dan biznet mohon pencerahan.
2021-01-27 06:00:13,muhadiks,"East Borneo, Indonesia","@WahyuMnk @IndiHome Advicenya pindah ke biznet, 1st media"
2021-01-27 05:34:44,ali_patrickz,"Mount Olympus, UT","@menfesssyg banget anjeng memang, beralhi ke biznet lah"
2021-01-27 05:25:35,2021NURKAYA,Indonesia,"@skinappetite Ohh, sinyal disana baguss kan tp wifi nya lemot yaa mon? iya ganti aja cb liat biznet ktnya biznet ceâ€¦ https://t.co/wQtOzSUJad"
2021-01-27 05:07:40,kentangpotatoe,,"@patmasastri asli, kese banget. tapi cuma ada dia disini kalau ada biznet udah pindah ke biznet"
2021-01-27 05:01:28,poirotto,Orient Express,@zaralizara Mendingan Biznet kayaknya
2021-01-27 04:58:18,Kintaanft,Indonesia,"@BiznetHome mau tanya dong, biznet sudah tersedia di kota solo blm ya? Makasih"
2021-01-27 04:15:26,cokiluminati,"di jalan nih,otw","@kresnabb Bantai, ganti aja ke Biznet"
2021-01-27 04:02:19,evenstarkichi,#MADEINHEAVEN,"@kakaphilia @moratelindo maap, baru pulang dari pasar hehe
iya, tadi server mreka biznet. ni dah gw ubah...

klo diâ€¦ https://t.co/Ji023XST6Z"
2021-01-27 03:57:03,andisturbia,JKT 12940,@newsplatter XL dan biznet kerasa banget penurunan kualitas
2021-01-27 03:51:13,melkibens,di deket cijantung,"@rafiprasetio Semangat yang bagus, utk myrep dan biznet suda 5 tahun tak kunjung datang"
2021-01-27 03:35:32,gaunavita,Dapur Chef @yudabustara,"@newsplatter Bangetttt! Indihome, Telkomsel (mau transaksi mbanking aja jadi keputus mulu), Biznet ğŸ’†"
2021-01-27 03:32:59,GaymerCilik,Olympus - Horizon,"@GamesMenfess By.u enaknya buat streaming sama sosmed an, kalo nge game ya setidaknya Biznet sih udah paling oke, Karena gw make Biznet ğŸ˜¶"
2021-01-27 03:20:55,lrstiiiiiii,,"@VergilMayCry_ biznet tok ngelag, telkomsel tok ngelag. wifi + data solusinya"
2021-01-27 03:17:31,tatuw,"Denpasar, Bali",@newsplatter Biznet parah sih
2021-01-27 03:13:49,bayutaufani,"Pekalongan, Indonesia","apalagi kok jaringan Biznet. Jadi, bisa kamu bayangkan gimana keadaan di daerah ini.

Naaah,gagasan tersebut muncukâ€¦ https://t.co/2IcysSQarC"
2021-01-27 02:45:01,justhenri11,Indonesia,"@newsplatter True sih ini.

Di rumah, pake indigo speed turun.
Di kantor, Biznet juga speed turun."
2021-01-27 02:44:25,JohannaBKS,"ÃœT: -6.30444,106.9304258",@newsplatter Biznet sering tiba2 lemot skrf
2021-01-27 02:42:07,c_cptt,"second star to the right, and straight on til morning.",@newsplatter biznet begitu. sehari tuh pasti ada aja leletnya.
2021-01-27 02:24:58,dansuls,djakarta theater,"@newsplatter Yes, pke biznet skrg cm buat update apps doang. Main game sm twitteran pke kuota hp"
2021-01-27 02:23:42,Viseno4,,@BiznetHome halo Biznet. Aku ada trouble internet nih. Bisa di bantu kah ?
2021-01-27 02:15:46,mantugaul,Indonesia,Biznet gangguan? https://t.co/O5qwJlVOxc
2021-01-27 02:11:05,mbahndi,"Banten, Indonesia",@newsplatter @prasetyoh Pdhl dulu biznet paling oke ya mas. Aku pake indihome payah jg. Klo pagi jam 08.00-08.30 jam krusial malah jeblok.
2021-01-27 02:10:50,linaanada,,@newsplatter Wah setelah melihat kolom reply ternyata bukan aku saja yg bermasalah dengan melambatnya sambungan internet biznet
2021-01-27 02:02:55,Amiin_Kun,"Gresik, Indonesia","@vitaastrila Cepet kagak, bikin kesel iya bgst emng ğŸ¤£ mending Biznet wkwk"
2021-01-27 02:02:23,ronaldhonarto,0431 ; 021,"@newsplatter Iya, Biznet. Gua pikir karena masa promosi udah abis, makanya speednya dikembalikan ke aslinya

((( masa promosi udah abis )))"
2021-01-27 02:00:51,goleranselalu,+62,"@renataalvn @FirstMediaCares Ganti pake biznet aja kak, setau gua bisa request deh biar daerah lu kena coverage"
2021-01-27 02:00:01,newsplatter,Jakarta,"@prasetyoh iya, gw pake Biznet berasa sering jeblok."
2021-01-27 00:06:27,BiznetHome,Indonesia,"@virafirdausa @copuco_ @IndiHome @virafirdausa Hai, dapat kamu informasikan ID pelanggan nya melalui DM ya agar mimâ€¦ https://t.co/kD929YPx7O"
2021-01-26 23:09:28,Bob26730614,LorrpoL,@sabiilaaw Rumahmu ae sng nyamperi biznet
2021-01-26 22:51:51,BiznetHome,Indonesia,"@SRaydipta @SRaydipta Halo. Terkait kendala layanan Biznet di lokasi kamu, saat ini sudah mimin teruskan melalui DM yah. Tks. ^yud"
2021-01-26 21:17:16,SuguuS_,"Tangerang, Indonesia","@BiznetHome pagi min. Saya mau tanya untuk pasang baru biznet kena biaya brp ya? Lokasi di jalan kaliurang km 5,2 no 26, Yogyakarta."
2021-01-26 20:37:11,BiznetHome,Indonesia,"@sigitanugroho Halo @sigitanugroho, jika mimin cek akun kamu atas nama SIG** APRIA*** NUGR***, saat ini layanan Bizâ€¦ https://t.co/fOCKiQA14L"
2021-01-26 19:33:32,tidurdiselokan,Jakarta Belonge's To Me,"@IndiHome Tolol banget cok masih pake fup fupan ga kaya biznet sama oxygen jaringannya stabil terus , pembayarannyaâ€¦ https://t.co/n3yEGk61oq"
2021-01-26 17:48:08,ericnaldo,somewhere Over the Rainbow!,"@BiznetHome min, tadi saya liat ada banner biznet di deket komplek Puri Bintara Regency, ini rumah saya yg deket2 situ tercover g ya?"
2021-01-26 17:45:01,BiznetHome,Indonesia,"@jogjadiskonn Halo @jogjadiskonn, untuk maksimal jarak penarikan dari kabel Biznet ke lokasi, dengan maksimal 80 -â€¦ https://t.co/0yhGOTl2T9"
